;time;id;x;y;angle;type;speed;pos;lane;slope
303898;6,485555555555556;pv_6_4741;4908,98;4284,73;136,55;opti_driver_6;45,108;0,0016;-816623833#4.11_0;0,0
303899;6,485625;pv_6_4741;4910,61;4281,99;148,72;opti_driver_6;45,9;0,00479;-816623833#4.11_0;0,0
303900;6,485694444444444;pv_6_4741;4912,25;4279,25;149,21;opti_driver_6;45,936;0,007980000000000001;-816623833#4.11_0;0,0
303901;6,485763888888889;pv_6_4741;4913,85;4276,57;149,21;opti_driver_6;45,072;0,01111;-816623833#4.11_0;0,0
303902;6,485833333333333;pv_6_4741;4915,48;4273,82;149,21;opti_driver_6;46,007999999999996;0,01431;-816623833#4.11_0;0,0
303903;6,485902777777778;pv_6_4741;4917,11;4271,09;149,21;opti_driver_6;45,684;0,01748;-816623833#4.11_0;0,0
303904;6,485972222222222;pv_6_4741;4918,73;4268,37;149,21;opti_driver_6;45,612;0,020649999999999998;-816623833#4.11_0;0,0
303905;6,485972222222222;pv_6_4754_0;4908,37;4285,76;128,13;opti_driver_6;44,496;0,00041;-816623833#4.11_0;0,0
303906;6,486041666666667;pv_6_4741;4920,35;4265,64;149,21;opti_driver_6;45,72;0,02382;-816623833#4.11_0;0,0
303907;6,486041666666667;pv_6_4754_0;4909,96;4283,09;145,69;opti_driver_6;44,676;0,0035099999999999997;-816623833#4.11_0;0,0
303908;6,486111111111111;pv_6_4741;4921,96;4262,94;149,24;opti_driver_6;45,36;0,026969999999999997;-816623833#4.11_0;0,0
303909;6,486111111111111;pv_6_4754_0;4911,55;4280,41;149,21;opti_driver_6;44,892;0,00663;-816623833#4.11_0;0,0
303910;6,486180555555555;pv_6_4741;4923,6;4260,18;149,26;opti_driver_6;46,152;0,03018;-816623833#4.11_0;0,0
303911;6,486180555555555;pv_6_4754_0;4913,16;4277,72;149,21;opti_driver_6;45,144;0,00976;-816623833#4.11_0;0,0
303912;6,48625;pv_6_4741;4925,21;4257,48;149,26;opti_driver_6;45,36;0,03333;-816623833#4.11_0;0,0
303913;6,48625;pv_6_4754_0;4914,79;4274,98;149,21;opti_driver_6;45,9;0,01295;-816623833#4.11_0;0,0
303914;6,486319444444445;pv_6_4741;4926,83;4254,75;149,26;opti_driver_6;45,612;0,0365;-816623833#4.11_0;0,0
303915;6,486319444444445;pv_6_4754_0;4916,4;4272,28;149,21;opti_driver_6;45,324;0,0161;-816623833#4.11_0;0,0
303916;6,4863888888888885;pv_6_4741;4928,47;4252,0;149,26;opti_driver_6;46,188;0,039700000000000006;-816623833#4.11_0;0,0
303917;6,4863888888888885;pv_6_4754_0;4918,01;4269,58;149,21;opti_driver_6;45,216;0,01924;-816623833#4.11_0;0,0
303918;6,486458333333333;pv_6_4741;4930,1;4249,26;149,26;opti_driver_6;45,792;0,04288;-816623833#4.11_0;0,0
303919;6,486458333333333;pv_6_4754_0;4919,64;4266,84;149,21;opti_driver_6;45,972;0,02243;-816623833#4.11_0;0,0
303920;6,486527777777778;pv_6_4741;4931,73;4246,52;149,26;opti_driver_6;46,007999999999996;0,046079999999999996;-816623833#4.11_0;0,0
303921;6,486527777777778;pv_6_4754_0;4921,24;4264,16;149,23;opti_driver_6;44,892;0,02555;-816623833#4.11_0;0,0
303922;6,486597222222223;pv_6_4628_0;4908,22;4286,01;126,12;opti_driver_6;35,712;0,00011999999999999999;-816623833#4.11_0;0,0
303923;6,486597222222223;pv_6_4741;4933,35;4243,78;149,26;opti_driver_6;45,792;0,04926;-816623833#4.11_0;0,0
303924;6,486597222222223;pv_6_4754_0;4922,84;4261,46;149,26;opti_driver_6;45,216;0,02869;-816623833#4.11_0;0,0
303925;6,486666666666666;pv_6_4628_0;4909,5;4283,86;143,63;opti_driver_6;36,072;0,00262;-816623833#4.11_0;0,0
303926;6,486666666666666;pv_6_4741;4934,96;4241,08;149,26;opti_driver_6;45,36;0,05241;-816623833#4.11_0;0,0
303927;6,486666666666666;pv_6_4754_0;4924,48;4258,71;149,26;opti_driver_6;46,044;0,03189;-816623833#4.11_0;0,0
303928;6,486736111111111;pv_6_4628_0;4910,78;4281,72;149,21;opti_driver_6;35,82;0,00511;-816623833#4.11_0;0,0
303929;6,486736111111111;pv_6_4741;4936,58;4238,36;149,26;opti_driver_6;45,431999999999995;0,055560000000000005;-816623833#4.11_0;0,0
303930;6,486736111111111;pv_6_4754_0;4926,09;4255,99;149,26;opti_driver_6;45,576;0,03505;-816623833#4.11_0;0,0
303931;6,486805555555556;pv_6_4628_0;4912,07;4279,55;149,21;opti_driver_6;36,288000000000004;0,00763;-816623833#4.11_0;0,0
303932;6,486805555555556;pv_6_4741;4938,2;4235,64;149,26;opti_driver_6;45,684;0,05873;-816623833#4.11_0;0,0
303933;6,486805555555556;pv_6_4754_0;4927,68;4253,32;149,26;opti_driver_6;44,748;0,03816;-816623833#4.11_0;0,0
303934;6,486875;pv_6_4628_0;4913,34;4277,42;149,21;opti_driver_6;35,82;0,010119999999999999;-816623833#4.11_0;0,0
303935;6,486875;pv_6_4741;4939,81;4232,92;149,26;opti_driver_6;45,504000000000005;0,06189;-816623833#4.11_0;0,0
303936;6,486875;pv_6_4754_0;4929,3;4250,6;149,26;opti_driver_6;45,576;0,04133;-816623833#4.11_0;0,0
303937;6,486944444444444;pv_6_4628_0;4914,64;4275,23;149,21;opti_driver_6;36,75600000000001;0,01267;-816623833#4.11_0;0,0
303938;6,486944444444444;pv_6_4741;4941,42;4230,22;149,26;opti_driver_6;45,324;0,06504;-816623833#4.11_0;0,0
303939;6,486944444444444;pv_6_4754_0;4930,92;4247,87;149,26;opti_driver_6;45,792;0,04451;-816623833#4.11_0;0,0
303940;6,487013888888889;pv_6_4628_0;4915,93;4273,06;149,21;opti_driver_6;36,252;0,015189999999999999;-816623833#4.11_0;0,0
303941;6,487013888888889;pv_6_4741;4943,04;4227,5;149,26;opti_driver_6;45,504000000000005;0,0682;-816623833#4.11_0;0,0
303942;6,487013888888889;pv_6_4754_0;4932,53;4245,17;149,26;opti_driver_6;45,18000000000001;0,04764;-816623833#4.11_0;0,0
303943;6,4870833333333335;pv_6_4628_0;4917,23;4270,89;149,21;opti_driver_6;36,36;0,01771;-816623833#4.11_0;0,0
303944;6,4870833333333335;pv_6_4741;4944,81;4224,89;147,07;opti_driver_6;45,504000000000005;0,07135999999999999;-816623833#4.11_0;0,0
303945;6,4870833333333335;pv_6_4754_0;4934,13;4242,47;149,26;opti_driver_6;45,216;0,05078;-816623833#4.11_0;0,0
303946;6,487152777777778;pv_6_1076_1;4909,26;4284,27;149,31;opti_driver_6;35,784;0,00214;-816623833#4.11_0;0,0
303947;6,487152777777778;pv_6_4628_0;4918,52;4268,72;149,21;opti_driver_6;36,504000000000005;0,02025;-816623833#4.11_0;0,0
303948;6,487152777777778;pv_6_4741;4946,61;4222,25;145,71;opti_driver_6;46,007999999999996;0,07454999999999999;-816623833#4.11_0;0,0
303949;6,487152777777778;pv_6_4754_0;4935,76;4239,74;149,26;opti_driver_6;45,828;0,05397;-816623833#4.11_0;0,0
303950;6,487222222222222;pv_6_1076_1;4910,57;4282,07;149,22;opti_driver_6;36,828;0,0047;-816623833#4.11_0;0,0
303951;6,487222222222222;pv_6_4628_0;4919,82;4266,54;149,21;opti_driver_6;36,468;0,02278;-816623833#4.11_0;0,0
303952;6,487222222222222;pv_6_4741;4948,42;4219,6;145,71;opti_driver_6;46,188;0,07776000000000001;-816623833#4.11_0;0,0
303953;6,487222222222222;pv_6_4754_0;4937,4;4236,98;149,26;opti_driver_6;46,152;0,05717;-816623833#4.11_0;0,0
303954;6,487291666666667;pv_6_1076_1;4911,84;4279,93;149,21;opti_driver_6;35,892;0,00719;-816623833#4.11_0;0,0
303955;6,487291666666667;pv_6_4628_0;4921,11;4264,37;149,23;opti_driver_6;36,431999999999995;0,02531;-816623833#4.11_0;0,0
303956;6,487291666666667;pv_6_4741;4950,22;4216,96;145,71;opti_driver_6;46,044;0,08095999999999999;-816623833#4.11_0;0,0
303957;6,487291666666667;pv_6_4754_0;4939,04;4234,23;149,26;opti_driver_6;46,152;0,06038;-816623833#4.11_0;0,0
303958;6,487361111111111;pv_6_1076_1;4913,12;4277,78;149,21;opti_driver_6;36,0;0,009689999999999999;-816623833#4.11_0;0,0
303959;6,487361111111111;pv_6_4628_0;4922,4;4262,21;149,25;opti_driver_6;36,216;0,02782;-816623833#4.11_0;0,0
303960;6,487361111111111;pv_6_4741;4952,01;4214,34;145,71;opti_driver_6;45,75600000000001;0,08414;-816623833#4.11_0;0,0
303961;6,487361111111111;pv_6_4754_0;4940,65;4231,52;149,26;opti_driver_6;45,324;0,06352000000000001;-816623833#4.11_0;0,0
303962;6,487430555555555;pv_6_1076_1;4914,39;4275,65;149,21;opti_driver_6;35,82;0,01218;-816623833#4.11_0;0,0
303963;6,487430555555555;pv_6_4628_0;4923,68;4260,05;149,26;opti_driver_6;36,18000000000001;0,03034;-816623833#4.11_0;0,0
303964;6,487430555555555;pv_6_4741;4953,8;4211,71;145,71;opti_driver_6;45,75600000000001;0,08731;-816623833#4.11_0;0,0
303965;6,487430555555555;pv_6_4754_0;4942,26;4228,81;149,26;opti_driver_6;45,504000000000005;0,06668;-816623833#4.11_0;0,0
303966;6,4875;pv_6_1076_1;4915,68;4273,5;149,21;opti_driver_6;36,036;0,01468;-816623833#4.11_0;0,0
303967;6,4875;pv_6_4628_0;4924,97;4257,87;149,26;opti_driver_6;36,396;0,03286;-816623833#4.11_0;0,0
303968;6,4875;pv_6_4741;4955,58;4209,1;145,71;opti_driver_6;45,431999999999995;0,09047;-816623833#4.11_0;0,0
303969;6,4875;pv_6_4754_0;4943,97;4226,13;148,14;opti_driver_6;45,72;0,06986;-816623833#4.11_0;0,0
303970;6,4875694444444445;pv_6_1076_1;4916,97;4271,33;149,21;opti_driver_6;36,324;0,0172;-816623833#4.11_0;0,0
303971;6,4875694444444445;pv_6_4628_0;4926,27;4255,7;149,26;opti_driver_6;36,468;0,0354;-816623833#4.11_0;0,0
303972;6,4875694444444445;pv_6_4741;4957,35;4206,5;145,71;opti_driver_6;45,36;0,09362000000000001;-816623833#4.11_0;0,0
303973;6,4875694444444445;pv_6_4754_0;4945,74;4223,52;145,9;opti_driver_6;45,431999999999995;0,07301;-816623833#4.11_0;0,0
303974;6,4875694444444445;pv_6_8236_0;4908,17;4286,1;125,37;opti_driver_6;35,1;1e-05;-816623833#4.11_0;0,0
303975;6,487638888888889;pv_6_1076_1;4918,26;4269,15;149,21;opti_driver_6;36,504000000000005;0,019739999999999997;-816623833#4.11_0;0,0
303976;6,487638888888889;pv_6_4628_0;4927,57;4253,51;149,26;opti_driver_6;36,72;0,037939999999999995;-816623833#4.11_0;0,0
303977;6,487638888888889;pv_6_4741;4959,14;4203,89;145,71;opti_driver_6;45,612;0,09678;-816623833#4.11_0;0,0
303978;6,487638888888889;pv_6_4754_0;4947,53;4220,91;145,71;opti_driver_6;45,54;0,07618000000000001;-816623833#4.11_0;0,0
303979;6,487638888888889;pv_6_8236_0;4909,43;4283,98;142,75;opti_driver_6;35,604000000000006;0,00248;-816623833#4.11_0;0,0
303980;6,487708333333333;pv_6_1076_1;4919,55;4267,0;149,21;opti_driver_6;36,108;0,02225;-816623833#4.11_0;0,0
303981;6,487708333333333;pv_6_4628_0;4928,86;4251,35;149,26;opti_driver_6;36,216;0,04046;-816623833#4.11_0;0,0
303982;6,487708333333333;pv_6_4741;4960,92;4201,27;145,71;opti_driver_6;45,612;0,09995;-816623833#4.11_0;0,0
303983;6,487708333333333;pv_6_4754_0;4949,29;4218,33;145,71;opti_driver_6;44,928000000000004;0,0793;-816623833#4.11_0;0,0
303984;6,487708333333333;pv_6_8236_0;4910,7;4281,85;149,12;opti_driver_6;35,676;0,00496;-816623833#4.11_0;0,0
303985;6,487777777777778;pv_6_1076_1;4920,83;4264,84;149,22;opti_driver_6;36,144;0,02476;-816623833#4.11_0;0,0
303986;6,487777777777778;pv_6_4628_0;4930,13;4249,21;149,26;opti_driver_6;35,856;0,04295;-816623833#4.11_0;0,0
303987;6,487777777777778;pv_6_4741;4962,69;4198,68;145,71;opti_driver_6;45,108;0,10308;-816623833#4.11_0;0,0
303988;6,487777777777778;pv_6_4754_0;4951,09;4215,69;145,71;opti_driver_6;46,044;0,08249;-816623833#4.11_0;0,0
303989;6,487777777777778;pv_6_8236_0;4911,96;4279,73;149,21;opti_driver_6;35,532;0,00743;-816623833#4.11_0;0,0
303990;6,487847222222222;pv_6_1076_1;4922,12;4262,67;149,25;opti_driver_6;36,431999999999995;0,02729;-816623833#4.11_0;0,0
303991;6,487847222222222;pv_6_4628_0;4931,43;4247,02;149,26;opti_driver_6;36,684;0,0455;-816623833#4.11_0;0,0
303992;6,487847222222222;pv_6_4741;4964,45;4196,09;145,71;opti_driver_6;45,108;0,10622;-816623833#4.11_0;0,0
303993;6,487847222222222;pv_6_4754_0;4952,87;4213,08;145,71;opti_driver_6;45,54;0,08566;-816623833#4.11_0;0,0
303994;6,487847222222222;pv_6_8236_0;4913,2;4277,64;149,21;opti_driver_6;34,92;0,00985;-816623833#4.11_0;0,0
303995;6,487916666666667;pv_6_1076_1;4923,42;4260,49;149,26;opti_driver_6;36,54;0,02983;-816623833#4.11_0;0,0
303996;6,487916666666667;pv_6_4628_0;4932,73;4244,84;149,26;opti_driver_6;36,504000000000005;0,04803;-816623833#4.11_0;0,0
303997;6,487916666666667;pv_6_4741;4966,32;4193,52;144,57;opti_driver_6;45,828;0,10940000000000001;-816623833#4.11_0;0,0
303998;6,487916666666667;pv_6_4754_0;4954,61;4210,52;145,71;opti_driver_6;44,496;0,08875;-816623833#4.11_0;0,0
303999;6,487916666666667;pv_6_8236_0;4914,46;4275,53;149,21;opti_driver_6;35,388;0,01231;-816623833#4.11_0;0,0
304000;6,487986111111111;pv_6_1076_1;4924,74;4258,27;149,26;opti_driver_6;37,044;0,0324;-816623833#4.11_0;0,0
304001;6,487986111111111;pv_6_4628_0;4934,01;4242,68;149,26;opti_driver_6;36,108;0,05054;-816623833#4.11_0;0,0
304002;6,487986111111111;pv_6_4741;4968,41;4191,1;140,45;opti_driver_6;46,007999999999996;0,11259999999999999;-816623833#4.11_0;0,0
304003;6,487986111111111;pv_6_4754_0;4956,39;4207,92;145,71;opti_driver_6;45,468;0,09190999999999999;-816623833#4.11_0;0,0
304004;6,487986111111111;pv_6_8236_0;4915,73;4273,4;149,21;opti_driver_6;35,712;0,01479;-816623833#4.11_0;0,0
304005;6,4880555555555555;pv_6_1076_1;4926,01;4256,13;149,26;opti_driver_6;35,892;0,03489;-816623833#4.11_0;0,0
304006;6,4880555555555555;pv_6_4628_0;4935,31;4240,49;149,26;opti_driver_6;36,75600000000001;0,053090000000000005;-816623833#4.11_0;0,0
304007;6,4880555555555555;pv_6_4741;4970,45;4188,73;139,26;opti_driver_6;45,072;0,11573;-816623833#4.11_0;0,0
304008;6,4880555555555555;pv_6_4754_0;4958,16;4205,32;145,71;opti_driver_6;45,252;0,09505;-816623833#4.11_0;0,0
304009;6,4880555555555555;pv_6_8236_0;4917,01;4271,26;149,21;opti_driver_6;36,0;0,01729;-816623833#4.11_0;0,0
304010;6,488125;pv_6_1076_1;4927,33;4253,91;149,26;opti_driver_6;37,188;0,037469999999999996;-816623833#4.11_0;0,0
304011;6,488125;pv_6_4628_0;4936,6;4238,32;149,26;opti_driver_6;36,252;0,05561;-816623833#4.11_0;0,0
304012;6,488125;pv_6_4741;4972,51;4186,34;139,26;opti_driver_6;45,396;0,11888;-816623833#4.11_0;0,0
304013;6,488125;pv_6_4754_0;4959,92;4202,74;145,71;opti_driver_6;44,856;0,09817000000000001;-816623833#4.11_0;0,0
304014;6,488125;pv_6_8236_0;4918,29;4269,11;149,21;opti_driver_6;36,0;0,01979;-816623833#4.11_0;0,0
304015;6,488194444444445;pv_6_1076_1;4928,61;4251,77;149,26;opti_driver_6;36,0;0,03997;-816623833#4.11_0;0,0
304016;6,488194444444445;pv_6_4628_0;4937,89;4236,16;149,26;opti_driver_6;36,216;0,05812;-816623833#4.11_0;0,0
304017;6,488194444444445;pv_6_4741;4974,56;4183,97;139,26;opti_driver_6;45,072;0,12201000000000001;-816623833#4.11_0;0,0
304018;6,488194444444445;pv_6_4754_0;4961,69;4200,15;145,71;opti_driver_6;45,288000000000004;0,10131;-816623833#4.11_0;0,0
304019;6,488194444444445;pv_6_8236_0;4919,57;4266,96;149,21;opti_driver_6;36,036;0,0223;-816623833#4.11_0;0,0
304020;6,488263888888889;pv_6_1076_1;4929,89;4249,61;149,26;opti_driver_6;36,072;0,04247;-816623833#4.11_0;0,0
304021;6,488263888888889;pv_6_4628_0;4939,18;4234,0;149,26;opti_driver_6;36,288000000000004;0,060649999999999996;-816623833#4.11_0;0,0
304022;6,488263888888889;pv_6_4741;4976,65;4181,54;139,26;opti_driver_6;46,152;0,12522;-816623833#4.11_0;0,0
304023;6,488263888888889;pv_6_4754_0;4963,47;4197,53;145,71;opti_driver_6;45,648;0,10448;-816623833#4.11_0;0,0
304024;6,488263888888889;pv_6_8236_0;4920,82;4264,86;149,22;opti_driver_6;35,064;0,024730000000000002;-816623833#4.11_0;0,0
304025;6,488333333333333;pv_6_1076_1;4931,19;4247,42;149,26;opti_driver_6;36,72;0,045020000000000004;-816623833#4.11_0;0,0
304026;6,488333333333333;pv_6_45_0;4909,01;4284,68;149,33;opti_driver_6;43,632;0,0016699999999999998;-816623833#4.11_0;0,0
304027;6,488333333333333;pv_6_4628_0;4940,45;4231,84;149,26;opti_driver_6;36,036;0,06315;-816623833#4.11_0;0,0
304028;6,488333333333333;pv_6_4741;4978,74;4179,11;139,26;opti_driver_6;46,152;0,12841999999999998;-816623833#4.11_0;0,0
304029;6,488333333333333;pv_6_4754_0;4965,26;4194,91;145,71;opti_driver_6;45,72;0,10765000000000001;-816623833#4.11_0;0,0
304030;6,488333333333333;pv_6_8236_0;4922,1;4262,7;149,25;opti_driver_6;36,252;0,02725;-816623833#4.11_0;0,0
304031;6,488402777777778;pv_6_1076_1;4932,49;4245,24;149,26;opti_driver_6;36,504000000000005;0,047560000000000005;-816623833#4.11_0;0,0
304032;6,488402777777778;pv_6_45_0;4910,59;4282,04;149,22;opti_driver_6;44,208;0,00474;-816623833#4.11_0;0,0
304033;6,488402777777778;pv_6_4628_0;4941,74;4229,68;149,26;opti_driver_6;36,324;0,06567;-816623833#4.11_0;0,0
304034;6,488402777777778;pv_6_4741;4980,86;4176,72;138,76;opti_driver_6;46,080000000000005;0,13162000000000001;-816623833#4.11_0;0,0
304035;6,488402777777778;pv_6_4754_0;4967,26;4192,43;142,72;opti_driver_6;45,864000000000004;0,11084000000000001;-816623833#4.11_0;0,0
304036;6,488402777777778;pv_6_8236_0;4923,39;4260,54;149,26;opti_driver_6;36,216;0,02976;-816623833#4.11_0;0,0
304037;6,488472222222223;pv_6_1076_1;4933,78;4243,07;149,26;opti_driver_6;36,36;0,05009;-816623833#4.11_0;0,0
304038;6,488472222222223;pv_6_45_0;4912,13;4279,45;149,21;opti_driver_6;43,38;0,00775;-816623833#4.11_0;0,0
304039;6,488472222222223;pv_6_4628_0;4943,04;4227,5;149,26;opti_driver_6;36,468;0,0682;-816623833#4.11_0;0,0
304040;6,488472222222223;pv_6_4741;4982,97;4174,41;137,71;opti_driver_6;45,036;0,13475;-816623833#4.11_0;0,0
304041;6,488472222222223;pv_6_4754_0;4969,33;4190,03;139,26;opti_driver_6;45,612;0,11401;-816623833#4.11_0;0,0
304042;6,488472222222223;pv_6_8236_0;4924,68;4258,38;149,26;opti_driver_6;36,216;0,03228;-816623833#4.11_0;0,0
304043;6,488541666666666;pv_6_1076_1;4935,08;4240,87;149,26;opti_driver_6;36,828;0,05264;-816623833#4.11_0;0,0
304044;6,488541666666666;pv_6_45_0;4913,66;4276,87;149,21;opti_driver_6;43,164;0,01075;-816623833#4.11_0;0,0
304045;6,488541666666666;pv_6_4628_0;4944,46;4225,41;147,52;opti_driver_6;36,396;0,07073;-816623833#4.11_0;0,0
304046;6,488541666666666;pv_6_4741;4985,12;4172,06;137,57;opti_driver_6;45,864000000000004;0,13793;-816623833#4.11_0;0,0
304047;6,488541666666666;pv_6_4754_0;4971,36;4187,68;139,26;opti_driver_6;44,676;0,11711;-816623833#4.11_0;0,0
304048;6,488541666666666;pv_6_8236_0;4925,94;4256,25;149,26;opti_driver_6;35,568000000000005;0,03475;-816623833#4.11_0;0,0
304049;6,488611111111111;pv_6_1076_1;4936,39;4238,68;149,26;opti_driver_6;36,72;0,055189999999999996;-816623833#4.11_0;0,0
304050;6,488611111111111;pv_6_45_0;4915,17;4274,34;149,21;opti_driver_6;42,408;0,013699999999999999;-816623833#4.11_0;0,0
304051;6,488611111111111;pv_6_4628_0;4945,9;4223,3;145,71;opti_driver_6;36,72;0,07328;-816623833#4.11_0;0,0
304052;6,488611111111111;pv_6_4741;4987,28;4169,69;137,57;opti_driver_6;46,116;0,14114;-816623833#4.11_0;0,0
304053;6,488611111111111;pv_6_4754_0;4973,42;4185,29;139,26;opti_driver_6;45,468;0,12027;-816623833#4.11_0;0,0
304054;6,488611111111111;pv_6_8236_0;4927,25;4254,05;149,26;opti_driver_6;37,007999999999996;0,03732;-816623833#4.11_0;0,0
304055;6,488680555555556;pv_6_1076_1;4937,67;4236,52;149,26;opti_driver_6;36,252;0,05771;-816623833#4.11_0;0,0
304056;6,488680555555556;pv_6_45_0;4916,67;4271,82;149,21;opti_driver_6;42,300000000000004;0,01663;-816623833#4.11_0;0,0
304057;6,488680555555556;pv_6_4628_0;4947,29;4221,25;145,71;opti_driver_6;35,712;0,07576000000000001;-816623833#4.11_0;0,0
304058;6,488680555555556;pv_6_4741;4989,43;4167,35;137,57;opti_driver_6;45,828;0,14432;-816623833#4.11_0;0,0
304059;6,488680555555556;pv_6_4754_0;4975,52;4182,85;139,26;opti_driver_6;46,440000000000005;0,12348999999999999;-816623833#4.11_0;0,0
304060;6,488680555555556;pv_6_8236_0;4928,56;4251,84;149,26;opti_driver_6;36,9;0,039880000000000006;-816623833#4.11_0;0,0
304061;6,48875;pv_6_1076_1;4938,95;4234,37;149,26;opti_driver_6;36,0;0,06021;-816623833#4.11_0;0,0
304062;6,48875;pv_6_45_0;4918,16;4269,33;149,21;opti_driver_6;41,76;0,019530000000000002;-816623833#4.11_0;0,0
304063;6,48875;pv_6_4628_0;4948,72;4219,16;145,71;opti_driver_6;36,468;0,07829000000000001;-816623833#4.11_0;0,0
304064;6,48875;pv_6_4741;4991,56;4165,02;137,57;opti_driver_6;45,431999999999995;0,14747;-816623833#4.11_0;0,0
304065;6,48875;pv_6_4754_0;4977,58;4180,46;139,26;opti_driver_6;45,396;0,12664;-816623833#4.11_0;0,0
304066;6,48875;pv_6_8236_0;4929,85;4249,67;149,26;opti_driver_6;36,396;0,042409999999999996;-816623833#4.11_0;0,0
304067;6,488819444444444;pv_6_1076_1;4940,24;4232,2;149,26;opti_driver_6;36,36;0,06274;-816623833#4.11_0;0,0
304068;6,488819444444444;pv_6_45_0;4919,64;4266,84;149,21;opti_driver_6;41,688;0,02243;-816623833#4.11_0;0,0
304069;6,488819444444444;pv_6_4628_0;4950,13;4217,09;145,71;opti_driver_6;36,108;0,0808;-816623833#4.11_0;0,0
304070;6,488819444444444;pv_6_4741;4993,69;4162,68;137,57;opti_driver_6;45,648;0,15064;-816623833#4.11_0;0,0
304071;6,488819444444444;pv_6_4754_0;4979,66;4178,04;139,26;opti_driver_6;45,972;0,12984;-816623833#4.11_0;0,0
304072;6,488819444444444;pv_6_8236_0;4931,12;4247,54;149,26;opti_driver_6;35,676;0,04488;-816623833#4.11_0;0,0
304073;6,488888888888889;pv_6_1076_1;4941,52;4230,05;149,26;opti_driver_6;36,036;0,06523999999999999;-816623833#4.11_0;0,0
304074;6,488888888888889;pv_6_45_0;4921,09;4264,41;149,23;opti_driver_6;40,752;0,02526;-816623833#4.11_0;0,0
304075;6,488888888888889;pv_6_4628_0;4951,57;4214,97;145,71;opti_driver_6;36,864000000000004;0,08336;-816623833#4.11_0;0,0
304076;6,488888888888889;pv_6_4741;4995,83;4160,34;137,57;opti_driver_6;45,576;0,15381;-816623833#4.11_0;0,0
304077;6,488888888888889;pv_6_4754_0;4981,81;4175,67;138,28;opti_driver_6;46,080000000000005;0,13304;-816623833#4.11_0;0,0
304078;6,488888888888889;pv_6_8236_0;4932,38;4245,42;149,26;opti_driver_6;35,604000000000006;0,04735;-816623833#4.11_0;0,0
304079;6,488958333333334;pv_6_1076_1;4942,81;4227,88;149,26;opti_driver_6;36,288000000000004;0,06776;-816623833#4.11_0;0,0
304080;6,488958333333334;pv_6_45_0;4922,52;4262,01;149,25;opti_driver_6;40,248;0,028050000000000002;-816623833#4.11_0;0,0
304081;6,488958333333334;pv_6_4628_0;4953,01;4212,87;145,71;opti_driver_6;36,648;0,08591;-816623833#4.11_0;0,0
304082;6,488958333333334;pv_6_4741;4997,98;4157,99;137,57;opti_driver_6;45,9;0,157;-816623833#4.11_0;0,0
304083;6,488958333333334;pv_6_4754_0;4983,97;4173,32;137,57;opti_driver_6;46,007999999999996;0,13623;-816623833#4.11_0;0,0
304084;6,488958333333334;pv_6_8236_0;4933,67;4243,25;149,26;opti_driver_6;36,288000000000004;0,04987;-816623833#4.11_0;0,0
304085;6,489027777777777;pv_6_1076_1;4944,21;4225,77;147,83;opti_driver_6;36,576;0,0703;-816623833#4.11_0;0,0
304086;6,489027777777777;pv_6_45_0;4923,95;4259,59;149,26;opti_driver_6;40,5;0,03087;-816623833#4.11_0;0,0
304087;6,489027777777777;pv_6_4628_0;4954,42;4210,8;145,71;opti_driver_6;36,144;0,08842;-816623833#4.11_0;0,0
304088;6,489027777777777;pv_6_4741;5000,14;4155,63;137,57;opti_driver_6;46,044;0,16019;-816623833#4.11_0;0,0
304089;6,489027777777777;pv_6_4754_0;4986,14;4170,94;137,57;opti_driver_6;46,368;0,13945;-816623833#4.11_0;0,0
304090;6,489027777777777;pv_6_8236_0;4934,93;4241,13;149,26;opti_driver_6;35,604000000000006;0,05235;-816623833#4.11_0;0,0
304091;6,489097222222222;pv_6_1076_1;4945,62;4223,7;146,05;opti_driver_6;35,964;0,0728;-816623833#4.11_0;0,0
304092;6,489097222222222;pv_6_45_0;4925,36;4257,23;149,26;opti_driver_6;39,564;0,03361;-816623833#4.11_0;0,0
304093;6,489097222222222;pv_6_4628_0;4955,86;4208,7;145,71;opti_driver_6;36,684;0,09096;-816623833#4.11_0;0,0
304094;6,489097222222222;pv_6_4741;5002,26;4153,31;137,57;opti_driver_6;45,288000000000004;0,16334;-816623833#4.11_0;0,0
304095;6,489097222222222;pv_6_4754_0;4988,27;4168,61;137,57;opti_driver_6;45,36;0,1426;-816623833#4.11_0;0,0
304096;6,489097222222222;pv_6_8236_0;4936,21;4238,97;149,26;opti_driver_6;36,108;0,05485;-816623833#4.11_0;0,0
304097;6,489166666666667;pv_6_1076_1;4947,07;4221,58;145,71;opti_driver_6;37,007999999999996;0,07536;-816623833#4.11_0;0,0
304098;6,489166666666667;pv_6_45_0;4926,75;4254,89;149,26;opti_driver_6;39,204;0,036340000000000004;-816623833#4.11_0;0,0
304099;6,489166666666667;pv_6_4628_0;4957,29;4206,59;145,71;opti_driver_6;36,75600000000001;0,09351000000000001;-816623833#4.11_0;0,0
304100;6,489166666666667;pv_6_4741;5004,39;4150,98;137,57;opti_driver_6;45,468;0,1665;-816623833#4.11_0;0,0
304101;6,489166666666667;pv_6_4754_0;4990,42;4166,26;137,57;opti_driver_6;45,9;0,14579;-816623833#4.11_0;0,0
304102;6,489166666666667;pv_6_8236_0;4937,47;4236,85;149,26;opti_driver_6;35,496;0,05732;-816623833#4.11_0;0,0
304103;6,489236111111111;pv_6_1076_1;4948,48;4219,51;145,71;opti_driver_6;36,072;0,07787000000000001;-816623833#4.11_0;0,0
304104;6,489236111111111;pv_6_45_0;4928,12;4252,59;149,26;opti_driver_6;38,556000000000004;0,039009999999999996;-816623833#4.11_0;0,0
304105;6,489236111111111;pv_6_4628_0;4958,72;4204,5;145,71;opti_driver_6;36,324;0,09604;-816623833#4.11_0;0,0
304106;6,489236111111111;pv_6_4741;5006,51;4148,66;137,57;opti_driver_6;45,216;0,16963999999999999;-816623833#4.11_0;0,0
304107;6,489236111111111;pv_6_4754_0;4992,54;4163,94;137,57;opti_driver_6;45,324;0,14894;-816623833#4.11_0;0,0
304108;6,489236111111111;pv_6_8236_0;4938,76;4234,7;149,26;opti_driver_6;36,18000000000001;0,05983;-816623833#4.11_0;0,0
304109;6,489305555555555;pv_6_1076_1;4949,92;4217,4;145,71;opti_driver_6;36,72;0,08042;-816623833#4.11_0;0,0
304110;6,489305555555555;pv_6_45_0;4929,49;4250,28;149,26;opti_driver_6;38,7;0,0417;-816623833#4.11_0;0,0
304111;6,489305555555555;pv_6_4628_0;4960,15;4202,41;145,71;opti_driver_6;36,576;0,09858;-816623833#4.11_0;0,0
304112;6,489305555555555;pv_6_4741;5008,64;4146,34;137,5;opti_driver_6;45,288000000000004;0,17278;-816623833#4.11_0;0,0
304113;6,489305555555555;pv_6_4754_0;4994,65;4161,64;137,57;opti_driver_6;44,892;0,15205000000000002;-816623833#4.11_0;0,0
304114;6,489305555555555;pv_6_8236_0;4940,06;4232,51;149,26;opti_driver_6;36,54;0,062369999999999995;-816623833#4.11_0;0,0
304115;6,489375;pv_6_1076_1;4951,35;4215,3;145,71;opti_driver_6;36,72;0,08297;-816623833#4.11_0;0,0
304116;6,489375;pv_6_45_0;4930,87;4247,95;149,26;opti_driver_6;38,952000000000005;0,04441;-816623833#4.11_0;0,0
304117;6,489375;pv_6_4628_0;4961,54;4200,36;145,71;opti_driver_6;35,712;0,10106;-816623833#4.11_0;0,0
304118;6,489375;pv_6_4741;5010,8;4144,03;137,04;opti_driver_6;45,576;0,17595;-816623833#4.11_0;0,0
304119;6,489375;pv_6_4754_0;4996,75;4159,33;137,57;opti_driver_6;44,928000000000004;0,15516999999999997;-816623833#4.11_0;0,0
304120;6,489375;pv_6_8236_0;4941,34;4230,35;149,26;opti_driver_6;36,324;0,06489;-816623833#4.11_0;0,0
304121;6,489444444444445;pv_6_1076_1;4952,76;4213,24;145,71;opti_driver_6;35,892;0,08546;-816623833#4.11_0;0,0
304122;6,489444444444445;pv_6_45_0;4932,25;4245,64;149,26;opti_driver_6;38,808;0,0471;-816623833#4.11_0;0,0
304123;6,489444444444445;pv_6_4628_0;4962,96;4198,28;145,71;opti_driver_6;36,18000000000001;0,10357;-816623833#4.11_0;0,0
304124;6,489444444444445;pv_6_4741;5012,98;4141,7;136,85;opti_driver_6;45,972;0,17914;-816623833#4.11_0;0,0
304125;6,489444444444445;pv_6_4754_0;4998,87;4157,01;137,57;opti_driver_6;45,288000000000004;0,15832;-816623833#4.11_0;0,0
304126;6,489444444444445;pv_6_8236_0;4942,63;4228,18;149,26;opti_driver_6;36,252;0,06741;-816623833#4.11_0;0,0
304127;6,489513888888889;pv_6_1076_1;4954,16;4211,18;145,71;opti_driver_6;35,856;0,08795;-816623833#4.11_0;0,0
304128;6,489513888888889;pv_6_45_0;4933,63;4243,32;149,26;opti_driver_6;38,844;0,0498;-816623833#4.11_0;0,0
304129;6,489513888888889;pv_6_4628_0;4964,38;4196,2;145,71;opti_driver_6;36,36;0,10609;-816623833#4.11_0;0,0
304130;6,489513888888889;pv_6_4741;5015,13;4139,41;136,85;opti_driver_6;45,216;0,18228;-816623833#4.11_0;0,0
304131;6,489513888888889;pv_6_4754_0;5001,02;4154,66;137,57;opti_driver_6;45,828;0,1615;-816623833#4.11_0;0,0
304132;6,489513888888889;pv_6_8236_0;4944,01;4226,07;148,09;opti_driver_6;36,396;0,06994;-816623833#4.11_0;0,0
304133;6,489583333333333;pv_6_1076_1;4955,58;4209,1;145,71;opti_driver_6;36,36;0,09048;-816623833#4.11_0;0,0
304134;6,489583333333333;pv_6_45_0;4935,01;4241,0;149,26;opti_driver_6;38,88;0,0525;-816623833#4.11_0;0,0
304135;6,489583333333333;pv_6_4628_0;4965,81;4194,12;145,58;opti_driver_6;36,36;0,10862000000000001;-816623833#4.11_0;0,0
304136;6,489583333333333;pv_6_4741;5017,31;4137,09;136,85;opti_driver_6;45,828;0,18546;-816623833#4.11_0;0,0
304137;6,489583333333333;pv_6_4754_0;5003,13;4152,35;137,57;opti_driver_6;45,036;0,16463;-816623833#4.11_0;0,0
304138;6,489583333333333;pv_6_8236_0;4945,41;4224,01;146,31;opti_driver_6;35,892;0,07243000000000001;-816623833#4.11_0;0,0
304139;6,489652777777778;pv_6_1076_1;4957,0;4207,02;145,71;opti_driver_6;36,252;0,09298999999999999;-816623833#4.11_0;0,0
304140;6,489652777777778;pv_6_45_0;4936,37;4238,71;149,26;opti_driver_6;38,34;0,055159999999999994;-816623833#4.11_0;0,0
304141;6,489652777777778;pv_6_4628_0;4967,47;4192,2;142,31;opti_driver_6;36,468;0,11115;-816623833#4.11_0;0,0
304142;6,489652777777778;pv_6_4741;5019,48;4134,77;136,85;opti_driver_6;45,792;0,18863999999999997;-816623833#4.11_0;0,0
304143;6,489652777777778;pv_6_4754_0;5005,27;4150,01;137,57;opti_driver_6;45,72;0,16781000000000001;-816623833#4.11_0;0,0
304144;6,489652777777778;pv_6_8236_0;4946,84;4221,92;145,71;opti_driver_6;36,324;0,07495;-816623833#4.11_0;0,0
304145;6,489722222222222;pv_6_1076_1;4958,45;4204,9;145,71;opti_driver_6;36,972;0,09556;-816623833#4.11_0;0,0
304146;6,489722222222222;pv_6_45_0;4937,71;4236,47;149,26;opti_driver_6;37,62;0,05777;-816623833#4.11_0;0,0
304147;6,489722222222222;pv_6_4628_0;4969,09;4190,32;139,26;opti_driver_6;35,712;0,11363;-816623833#4.11_0;0,0
304148;6,489722222222222;pv_6_4741;5021,66;4132,45;136,85;opti_driver_6;45,75600000000001;0,19182;-816623833#4.11_0;0,0
304149;6,489722222222222;pv_6_4754_0;5007,41;4147,67;137,57;opti_driver_6;45,576;0,17097;-816623833#4.11_0;0,0
304150;6,489722222222222;pv_6_8236_0;4948,26;4219,84;145,71;opti_driver_6;36,396;0,07748000000000001;-816623833#4.11_0;0,0
304151;6,489791666666667;pv_6_1076_1;4959,85;4202,84;145,71;opti_driver_6;35,82;0,09805;-816623833#4.11_0;0,0
304152;6,489791666666667;pv_6_45_0;4939,05;4234,2;149,26;opti_driver_6;37,908;0,060399999999999995;-816623833#4.11_0;0,0
304153;6,489791666666667;pv_6_4628_0;4970,73;4188,41;139,26;opti_driver_6;36,324;0,11615;-816623833#4.11_0;0,0
304154;6,489791666666667;pv_6_4741;5023,83;4130,13;136,85;opti_driver_6;45,72;0,195;-816623833#4.11_0;0,0
304155;6,489791666666667;pv_6_4754_0;5009,56;4145,36;137,3;opti_driver_6;45,504000000000005;0,17413;-816623833#4.11_0;0,0
304156;6,489791666666667;pv_6_8236_0;4949,69;4217,74;145,71;opti_driver_6;36,54;0,08002;-816623833#4.11_0;0,0
304157;6,489861111111111;pv_6_1076_1;4961,25;4200,78;145,71;opti_driver_6;35,856;0,10054;-816623833#4.11_0;0,0
304158;6,489861111111111;pv_6_45_0;4940,41;4231,93;149,26;opti_driver_6;38,124;0,06305;-816623833#4.11_0;0,0
304159;6,489861111111111;pv_6_4628_0;4972,39;4186,48;139,26;opti_driver_6;36,648;0,1187;-816623833#4.11_0;0,0
304160;6,489861111111111;pv_6_4741;5025,98;4127,84;136,85;opti_driver_6;45,288000000000004;0,19813999999999998;-816623833#4.11_0;0,0
304161;6,489861111111111;pv_6_4754_0;5011,72;4143,05;136,85;opti_driver_6;45,468;0,17729;-816623833#4.11_0;0,0
304162;6,489861111111111;pv_6_8236_0;4951,09;4215,69;145,71;opti_driver_6;35,712;0,08249;-816623833#4.11_0;0,0
304163;6,4899305555555555;pv_6_1076_1;4962,67;4198,7;145,71;opti_driver_6;36,288000000000004;0,10306;-816623833#4.11_0;0,0
304164;6,4899305555555555;pv_6_45_0;4941,72;4229,71;149,26;opti_driver_6;37,152;0,06563;-816623833#4.11_0;0,0
304165;6,4899305555555555;pv_6_4628_0;4974,03;4184,58;139,26;opti_driver_6;36,144;0,12121;-816623833#4.11_0;0,0
304166;6,4899305555555555;pv_6_4741;5028,15;4125,52;136,85;opti_driver_6;45,72;0,20132;-816623833#4.11_0;0,0
304167;6,4899305555555555;pv_6_4754_0;5013,89;4140,73;136,85;opti_driver_6;45,792;0,18047;-816623833#4.11_0;0,0
304168;6,4899305555555555;pv_6_8236_0;4952,51;4213,61;145,71;opti_driver_6;36,288000000000004;0,08501;-816623833#4.11_0;0,0
304169;6,49;pv_6_1076_1;4964,08;4196,64;145,71;opti_driver_6;35,892;0,10554999999999999;-816623833#4.11_0;0,0
304170;6,49;pv_6_45_0;4943,06;4227,46;149,26;opti_driver_6;37,800000000000004;0,06826;-816623833#4.11_0;0,0
304171;6,49;pv_6_4628_0;4975,65;4182,69;139,26;opti_driver_6;35,784;0,12369;-816623833#4.11_0;0,0
304172;6,49;pv_6_4741;5030,32;4123,21;136,85;opti_driver_6;45,72;0,20449;-816623833#4.11_0;0,0
304173;6,49;pv_6_4754_0;5016,08;4138,41;136,85;opti_driver_6;45,936;0,18366;-816623833#4.11_0;0,0
304174;6,49;pv_6_8236_0;4953,9;4211,56;145,71;opti_driver_6;35,676;0,08749;-816623833#4.11_0;0,0
304175;6,490069444444444;pv_6_1076_1;4965,47;4194,61;145,71;opti_driver_6;35,46;0,10801999999999999;-816623833#4.11_0;0,0
304176;6,490069444444444;pv_6_45_0;4944,54;4225,29;147,42;opti_driver_6;37,692;0,07087;-816623833#4.11_0;0,0
304177;6,490069444444444;pv_6_4628_0;4977,3;4180,79;139,26;opti_driver_6;36,252;0,12621;-816623833#4.11_0;0,0
304178;6,490069444444444;pv_6_4741;5032,47;4120,92;136,85;opti_driver_6;45,144;0,20762;-816623833#4.11_0;0,0
304179;6,490069444444444;pv_6_4754_0;5018,24;4136,1;136,85;opti_driver_6;45,576;0,18681999999999999;-816623833#4.11_0;0,0
304180;6,490069444444444;pv_6_8236_0;4955,31;4209,49;145,71;opti_driver_6;36,072;0,09;-816623833#4.11_0;0,0
304181;6,490138888888889;pv_6_1076_1;4967,06;4192,67;143,12;opti_driver_6;36,18000000000001;0,11053;-816623833#4.11_0;0,0
304182;6,490138888888889;pv_6_45_0;4945,98;4223,17;145,71;opti_driver_6;36,936;0,07343999999999999;-816623833#4.11_0;0,0
304183;6,490138888888889;pv_6_4628_0;4978,92;4178,9;139,26;opti_driver_6;35,892;0,12869999999999998;-816623833#4.11_0;0,0
304184;6,490138888888889;pv_6_4741;5034,63;4118,61;136,85;opti_driver_6;45,612;0,21079;-816623833#4.11_0;0,0
304185;6,490138888888889;pv_6_4754_0;5020,42;4133,78;136,85;opti_driver_6;45,792;0,19000999999999998;-816623833#4.11_0;0,0
304186;6,490138888888889;pv_6_8236_0;4956,71;4207,44;145,71;opti_driver_6;35,784;0,09248;-816623833#4.11_0;0,0
304187;6,490208333333333;pv_6_1076_1;4968,68;4190,79;139,92;opti_driver_6;35,604000000000006;0,113;-816623833#4.11_0;0,0
304188;6,490208333333333;pv_6_45_0;4947,43;4221,06;145,71;opti_driver_6;36,9;0,076;-816623833#4.11_0;0,0
304189;6,490208333333333;pv_6_4628_0;4980,61;4176,99;138,89;opti_driver_6;36,648;0,13125;-816623833#4.11_0;0,0
304190;6,490208333333333;pv_6_4741;5036,81;4116,29;136,85;opti_driver_6;45,936;0,21398;-816623833#4.11_0;0,0
304191;6,490208333333333;pv_6_4754_0;5022,58;4131,46;136,85;opti_driver_6;45,648;0,19316999999999998;-816623833#4.11_0;0,0
304192;6,490208333333333;pv_6_8236_0;4958,13;4205,36;145,71;opti_driver_6;36,252;0,095;-816623833#4.11_0;0,0
304193;6,490277777777778;pv_6_1076_1;4970,36;4188,84;139,26;opti_driver_6;37,152;0,11558;-816623833#4.11_0;0,0
304194;6,490277777777778;pv_6_45_0;4948,89;4218,91;145,71;opti_driver_6;37,332;0,07859000000000001;-816623833#4.11_0;0,0
304195;6,490277777777778;pv_6_4628_0;4982,3;4175,15;138,04;opti_driver_6;36,0;0,13375;-816623833#4.11_0;0,0
304196;6,490277777777778;pv_6_4741;5038,97;4113,99;136,85;opti_driver_6;45,36;0,21713;-816623833#4.11_0;0,0
304197;6,490277777777778;pv_6_4754_0;5024,74;4129,17;136,85;opti_driver_6;45,36;0,19632;-816623833#4.11_0;0,0
304198;6,490277777777778;pv_6_8236_0;4959,51;4203,34;145,71;opti_driver_6;35,208;0,09745000000000001;-816623833#4.11_0;0,0
304199;6,490347222222222;pv_6_1076_1;4972,0;4186,93;139,26;opti_driver_6;36,216;0,1181;-816623833#4.11_0;0,0
304200;6,490347222222222;pv_6_45_0;4950,29;4216,85;145,71;opti_driver_6;35,928000000000004;0,08109000000000001;-816623833#4.11_0;0,0
304201;6,490347222222222;pv_6_4628_0;4983,97;4173,31;137,57;opti_driver_6;35,784;0,13623;-816623833#4.11_0;0,0
304202;6,490347222222222;pv_6_4741;5041,15;4111,66;136,85;opti_driver_6;46,007999999999996;0,22033000000000003;-816623833#4.11_0;0,0
304203;6,490347222222222;pv_6_4754_0;5026,88;4126,88;136,85;opti_driver_6;45,072;0,19945;-816623833#4.11_0;0,0
304204;6,490347222222222;pv_6_8236_0;4960,94;4201,25;145,71;opti_driver_6;36,431999999999995;0,09998;-816623833#4.11_0;0,0
304205;6,4904166666666665;pv_6_1076_1;4973,62;4185,05;139,26;opti_driver_6;35,82;0,12059;-816623833#4.11_0;0,0
304206;6,4904166666666665;pv_6_45_0;4951,74;4214,73;145,71;opti_driver_6;37,007999999999996;0,08366;-816623833#4.11_0;0,0
304207;6,4904166666666665;pv_6_4628_0;4985,67;4171,46;137,57;opti_driver_6;36,18000000000001;0,13875;-816623833#4.11_0;0,0
304208;6,4904166666666665;pv_6_4741;5043,3;4109,37;136,85;opti_driver_6;45,18000000000001;0,22346000000000002;-816623833#4.11_0;0,0
304209;6,4904166666666665;pv_6_4754_0;5029,08;4124,53;136,85;opti_driver_6;46,440000000000005;0,20268;-816623833#4.11_0;0,0
304210;6,4904166666666665;pv_6_8236_0;4962,34;4199,19;145,71;opti_driver_6;35,82;0,10247;-816623833#4.11_0;0,0
304211;6,490486111111111;pv_6_1076_1;4975,25;4183,17;139,26;opti_driver_6;35,784;0,12307;-816623833#4.11_0;0,0
304212;6,490486111111111;pv_6_45_0;4953,16;4212,65;145,71;opti_driver_6;36,216;0,08617;-816623833#4.11_0;0,0
304213;6,490486111111111;pv_6_4628_0;4987,37;4169,59;137,57;opti_driver_6;36,431999999999995;0,14128;-816623833#4.11_0;0,0
304214;6,490486111111111;pv_6_4741;5045,44;4107,08;136,85;opti_driver_6;45,072;0,22659;-816623833#4.11_0;0,0
304215;6,490486111111111;pv_6_4754_0;5031,22;4122,25;136,85;opti_driver_6;45,0;0,2058;-816623833#4.11_0;0,0
304216;6,490486111111111;pv_6_8236_0;4963,77;4197,1;145,71;opti_driver_6;36,504000000000005;0,105;-816623833#4.11_0;0,0
304217;6,490555555555556;pv_6_1076_1;4976,92;4181,23;139,26;opti_driver_6;36,828;0,12563;-816623833#4.11_0;0,0
304218;6,490555555555556;pv_6_45_0;4954,61;4210,52;145,71;opti_driver_6;37,188;0,08876;-816623833#4.11_0;0,0
304219;6,490555555555556;pv_6_4628_0;4989,08;4167,73;137,57;opti_driver_6;36,324;0,1438;-816623833#4.11_0;0,0
304220;6,490555555555556;pv_6_4741;5047,59;4104,79;136,85;opti_driver_6;45,324;0,22974;-816623833#4.11_0;0,0
304221;6,490555555555556;pv_6_4754_0;5033,37;4119,96;136,85;opti_driver_6;45,216;0,20894;-816623833#4.11_0;0,0
304222;6,490555555555556;pv_6_8236_0;4965,18;4195,02;145,71;opti_driver_6;36,144;0,10751000000000001;-816623833#4.11_0;0,0
304223;6,490625;pv_6_1076_1;4978,58;4179,29;139,26;opti_driver_6;36,75600000000001;0,12818000000000002;-816623833#4.11_0;0,0
304224;6,490625;pv_6_45_0;4956,06;4208,4;145,71;opti_driver_6;36,864000000000004;0,09132;-816623833#4.11_0;0,0
304225;6,490625;pv_6_4628_0;4990,75;4165,89;137,57;opti_driver_6;35,784;0,14628;-816623833#4.11_0;0,0
304226;6,490625;pv_6_4741;5049,78;4102,46;136,85;opti_driver_6;46,044;0,23294;-816623833#4.11_0;0,0
304227;6,490625;pv_6_4754_0;5035,54;4117,64;136,85;opti_driver_6;45,72;0,21212;-816623833#4.11_0;0,0
304228;6,490625;pv_6_8236_0;4966,75;4193,03;143,73;opti_driver_6;36,54;0,11005;-816623833#4.11_0;0,0
304229;6,490694444444444;pv_6_1076_1;4980,25;4177,39;139,07;opti_driver_6;36,431999999999995;0,13071000000000002;-816623833#4.11_0;0,0
304230;6,490694444444444;pv_6_45_0;4957,53;4206,24;145,71;opti_driver_6;37,656000000000006;0,09393000000000001;-816623833#4.11_0;0,0
304231;6,490694444444444;pv_6_4628_0;4992,45;4164,04;137,57;opti_driver_6;36,216;0,14880000000000002;-816623833#4.11_0;0,0
304232;6,490694444444444;pv_6_4741;5051,95;4100,14;136,85;opti_driver_6;45,648;0,23611000000000001;-816623833#4.11_0;0,0
304233;6,490694444444444;pv_6_4754_0;5037,72;4115,32;136,85;opti_driver_6;45,972;0,21531;-816623833#4.11_0;0,0
304234;6,490694444444444;pv_6_8236_0;4968,39;4191,13;140,49;opti_driver_6;36,216;0,11256000000000001;-816623833#4.11_0;0,0
304235;6,490763888888889;pv_6_1076_1;4981,93;4175,55;138,23;opti_driver_6;35,928000000000004;0,13321;-816623833#4.11_0;0,0
304236;6,490763888888889;pv_6_45_0;4958,96;4204,14;145,71;opti_driver_6;36,648;0,09648000000000001;-816623833#4.11_0;0,0
304237;6,490763888888889;pv_6_4628_0;4994,14;4162,19;137,57;opti_driver_6;36,108;0,15131;-816623833#4.11_0;0,0
304238;6,490763888888889;pv_6_4741;5054,1;4097,84;136,85;opti_driver_6;45,431999999999995;0,23926;-816623833#4.11_0;0,0
304239;6,490763888888889;pv_6_4754_0;5039,91;4112,98;136,85;opti_driver_6;46,080000000000005;0,21850999999999998;-816623833#4.11_0;0,0
304240;6,490763888888889;pv_6_8236_0;4970,04;4189,21;139,26;opti_driver_6;36,468;0,1151;-816623833#4.11_0;0,0
304241;6,490833333333334;pv_6_1076_1;4983,62;4173,7;137,57;opti_driver_6;36,108;0,13571;-816623833#4.11_0;0,0
304242;6,490833333333334;pv_6_45_0;4960,41;4202,03;145,71;opti_driver_6;36,828;0,09903;-816623833#4.11_0;0,0
304243;6,490833333333334;pv_6_4628_0;4995,82;4160,35;137,57;opti_driver_6;35,784;0,15378999999999998;-816623833#4.11_0;0,0
304244;6,490833333333334;pv_6_4741;5056,28;4095,53;136,85;opti_driver_6;45,72;0,24244;-816623833#4.11_0;0,0
304245;6,490833333333334;pv_6_4754_0;5042,08;4110,66;136,85;opti_driver_6;45,75600000000001;0,22169;-816623833#4.11_0;0,0
304246;6,490833333333334;pv_6_8236_0;4971,68;4187,3;139,26;opti_driver_6;36,18000000000001;0,11761;-816623833#4.11_0;0,0
304247;6,4909027777777775;pv_6_1076_1;4985,33;4171,83;137,57;opti_driver_6;36,431999999999995;0,13824;-816623833#4.11_0;0,0
304248;6,4909027777777775;pv_6_45_0;4961,82;4199,95;145,71;opti_driver_6;36,18000000000001;0,10155;-816623833#4.11_0;0,0
304249;6,4909027777777775;pv_6_4628_0;4997,52;4158,49;137,57;opti_driver_6;36,36;0,15632;-816623833#4.11_0;0,0
304250;6,4909027777777775;pv_6_4741;5058,44;4093,21;136,85;opti_driver_6;45,648;0,24561000000000002;-816623833#4.11_0;0,0
304251;6,4909027777777775;pv_6_4754_0;5044,27;4108,34;136,85;opti_driver_6;45,972;0,22488;-816623833#4.11_0;0,0
304252;6,4909027777777775;pv_6_8236_0;4973,31;4185,42;139,26;opti_driver_6;35,82;0,1201;-816623833#4.11_0;0,0
304253;6,490972222222222;pv_6_1076_1;4987,01;4169,98;137,57;opti_driver_6;35,964;0,14074;-816623833#4.11_0;0,0
304254;6,490972222222222;pv_6_45_0;4963,25;4197,85;145,71;opti_driver_6;36,648;0,10409;-816623833#4.11_0;0,0
304255;6,490972222222222;pv_6_4628_0;4999,22;4156,63;137,57;opti_driver_6;36,288000000000004;0,15883;-816623833#4.11_0;0,0
304256;6,490972222222222;pv_6_4741;5060,62;4090,9;136,85;opti_driver_6;45,792;0,24878;-816623833#4.11_0;0,0
304257;6,490972222222222;pv_6_4754_0;5046,42;4106,04;136,85;opti_driver_6;45,288000000000004;0,22802;-816623833#4.11_0;0,0
304258;6,490972222222222;pv_6_8236_0;4974,95;4183,51;139,26;opti_driver_6;36,252;0,12261;-816623833#4.11_0;0,0
304259;6,491041666666667;pv_6_1076_1;4988,69;4168,15;137,57;opti_driver_6;35,748;0,14322;-816623833#4.11_0;0,0
304260;6,491041666666667;pv_6_45_0;4964,71;4195,72;145,71;opti_driver_6;37,188;0,10667;-816623833#4.11_0;0,0
304261;6,491041666666667;pv_6_4628_0;5000,95;4154,74;137,57;opti_driver_6;36,828;0,16138999999999998;-816623833#4.11_0;0,0
304262;6,491041666666667;pv_6_4741;5062,76;4088,61;136,85;opti_driver_6;45,036;0,25191;-816623833#4.11_0;0,0
304263;6,491041666666667;pv_6_4754_0;5048,56;4103,75;136,85;opti_driver_6;45,144;0,23116;-816623833#4.11_0;0,0
304264;6,491041666666667;pv_6_8236_0;4976,56;4181,64;139,26;opti_driver_6;35,604000000000006;0,12509;-816623833#4.11_0;0,0
304265;6,4911111111111115;pv_6_1076_1;4990,38;4166,3;137,57;opti_driver_6;36,18000000000001;0,14574;-816623833#4.11_0;0,0
304266;6,4911111111111115;pv_6_45_0;4966,19;4193,68;144,84;opti_driver_6;36,288000000000004;0,10919;-816623833#4.11_0;0,0
304267;6,4911111111111115;pv_6_4628_0;5002,66;4152,87;137,57;opti_driver_6;36,648;0,16394;-816623833#4.11_0;0,0
304268;6,4911111111111115;pv_6_4741;5064,94;4086,28;136,85;opti_driver_6;45,972;0,2551;-816623833#4.11_0;0,0
304269;6,4911111111111115;pv_6_4754_0;5050,69;4101,49;136,85;opti_driver_6;44,748;0,23427;-816623833#4.11_0;0,0
304270;6,4911111111111115;pv_6_8236_0;4978,2;4179,73;139,26;opti_driver_6;36,216;0,1276;-816623833#4.11_0;0,0
304271;6,491180555555555;pv_6_1076_1;4992,11;4164,41;137,57;opti_driver_6;36,9;0,14830000000000002;-816623833#4.11_0;0,0
304272;6,491180555555555;pv_6_45_0;4967,86;4191,74;141,54;opti_driver_6;36,828;0,11175;-816623833#4.11_0;0,0
304273;6,491180555555555;pv_6_4628_0;5004,34;4151,03;137,57;opti_driver_6;35,82;0,16641999999999998;-816623833#4.11_0;0,0
304274;6,491180555555555;pv_6_4741;5067,13;4083,95;136,85;opti_driver_6;46,044;0,25830000000000003;-816623833#4.11_0;0,0
304275;6,491180555555555;pv_6_4754_0;5052,87;4099,16;136,85;opti_driver_6;45,972;0,23746;-816623833#4.11_0;0,0
304276;6,491180555555555;pv_6_8236_0;4979,87;4177,81;139,26;opti_driver_6;36,648;0,13015000000000002;-816623833#4.11_0;0,0
304277;6,49125;pv_6_1076_1;4993,82;4162,54;137,57;opti_driver_6;36,431999999999995;0,15083000000000002;-816623833#4.11_0;0,0
304278;6,49125;pv_6_45_0;4969,51;4189,83;139,26;opti_driver_6;36,431999999999995;0,11428;-816623833#4.11_0;0,0
304279;6,49125;pv_6_4628_0;5006,05;4149,16;137,57;opti_driver_6;36,504000000000005;0,16896;-816623833#4.11_0;0,0
304280;6,49125;pv_6_4741;5069,31;4081,62;136,85;opti_driver_6;46,080000000000005;0,2615;-816623833#4.11_0;0,0
304281;6,49125;pv_6_4754_0;5055,08;4096,8;136,85;opti_driver_6;46,512;0,24069;-816623833#4.11_0;0,0
304282;6,49125;pv_6_8236_0;4981,56;4175,95;138,41;opti_driver_6;36,216;0,13266;-816623833#4.11_0;0,0
304283;6,491319444444445;pv_6_1076_1;4995,55;4160,65;137,57;opti_driver_6;36,936;0,1534;-816623833#4.11_0;0,0
304284;6,491319444444445;pv_6_45_0;4971,18;4187,88;139,26;opti_driver_6;36,9;0,11684;-816623833#4.11_0;0,0
304285;6,491319444444445;pv_6_4628_0;5007,73;4147,32;137,57;opti_driver_6;35,892;0,17145;-816623833#4.11_0;0,0
304286;6,491319444444445;pv_6_4741;5071,49;4079,3;136,85;opti_driver_6;45,792;0,26468;-816623833#4.11_0;0,0
304287;6,491319444444445;pv_6_4754_0;5057,27;4094,46;136,85;opti_driver_6;46,152;0,24389;-816623833#4.11_0;0,0
304288;6,491319444444445;pv_6_8236_0;4983,27;4174,08;137,57;opti_driver_6;36,431999999999995;0,13519;-816623833#4.11_0;0,0
304289;6,491388888888889;pv_6_1076_1;4997,24;4158,8;137,57;opti_driver_6;36,0;0,1559;-816623833#4.11_0;0,0
304290;6,491388888888889;pv_6_45_0;4972,82;4185,98;139,26;opti_driver_6;36,18000000000001;0,11936;-816623833#4.11_0;0,0
304291;6,491388888888889;pv_6_4628_0;5009,47;4145,45;137,32;opti_driver_6;36,72;0,174;-816623833#4.11_0;0,0
304292;6,491388888888889;pv_6_4741;5073,66;4076,98;136,85;opti_driver_6;45,792;0,26786;-816623833#4.11_0;0,0
304293;6,491388888888889;pv_6_4754_0;5059,46;4092,13;136,85;opti_driver_6;46,044;0,24709;-816623833#4.11_0;0,0
304294;6,491388888888889;pv_6_8236_0;4984,99;4172,19;137,57;opti_driver_6;36,864000000000004;0,13775;-816623833#4.11_0;0,0
304295;6,491458333333333;pv_6_1076_1;4998,95;4156,92;137,57;opti_driver_6;36,612;0,15844;-816623833#4.11_0;0,0
304296;6,491458333333333;pv_6_45_0;4974,5;4184,04;139,26;opti_driver_6;36,936;0,12192;-816623833#4.11_0;0,0
304297;6,491458333333333;pv_6_4628_0;5011,22;4143,59;136,95;opti_driver_6;36,828;0,17656;-816623833#4.11_0;0,0
304298;6,491458333333333;pv_6_4741;5075,83;4074,67;136,85;opti_driver_6;45,648;0,27103;-816623833#4.11_0;0,0
304299;6,491458333333333;pv_6_4754_0;5061,63;4089,81;136,85;opti_driver_6;45,792;0,25027;-816623833#4.11_0;0,0
304300;6,491458333333333;pv_6_8236_0;4986,67;4170,36;137,57;opti_driver_6;35,676;0,14023;-816623833#4.11_0;0,0
304301;6,491527777777778;pv_6_1076_1;5000,7;4155,02;137,57;opti_driver_6;37,188;0,16102;-816623833#4.11_0;0,0
304302;6,491527777777778;pv_6_45_0;4976,14;4182,13;139,26;opti_driver_6;36,288000000000004;0,12444;-816623833#4.11_0;0,0
304303;6,491527777777778;pv_6_4628_0;5012,93;4141,76;136,85;opti_driver_6;36,108;0,17907;-816623833#4.11_0;0,0
304304;6,491527777777778;pv_6_4741;5078,0;4072,35;136,85;opti_driver_6;45,684;0,2742;-816623833#4.11_0;0,0
304305;6,491527777777778;pv_6_4754_0;5063,78;4087,53;136,85;opti_driver_6;45,108;0,2534;-816623833#4.11_0;0,0
304306;6,491527777777778;pv_6_8236_0;4988,36;4168,51;137,57;opti_driver_6;36,072;0,14273;-816623833#4.11_0;0,0
304307;6,4915972222222225;pv_6_1076_1;5002,4;4153,15;137,57;opti_driver_6;36,396;0,16355;-816623833#4.11_0;0,0
304308;6,4915972222222225;pv_6_45_0;4977,79;4180,22;139,26;opti_driver_6;36,252;0,12696;-816623833#4.11_0;0,0
304309;6,4915972222222225;pv_6_4628_0;5014,66;4139,92;136,85;opti_driver_6;36,324;0,18159;-816623833#4.11_0;0,0
304310;6,4915972222222225;pv_6_4741;5080,18;4070,03;136,82;opti_driver_6;45,864000000000004;0,27738999999999997;-816623833#4.11_0;0,0
304311;6,4915972222222225;pv_6_4754_0;5065,93;4085,23;136,85;opti_driver_6;45,324;0,25655;-816623833#4.11_0;0,0
304312;6,4915972222222225;pv_6_8236_0;4990,11;4166,6;137,57;opti_driver_6;37,332;0,14533000000000001;-816623833#4.11_0;0,0
304313;6,491666666666666;pv_6_1076_1;5004,12;4151,27;137,57;opti_driver_6;36,576;0,16609000000000002;-816623833#4.11_0;0,0
304314;6,491666666666666;pv_6_45_0;4979,47;4178,27;139,26;opti_driver_6;37,116;0,12954;-816623833#4.11_0;0,0
304315;6,491666666666666;pv_6_4628_0;5016,39;4138,07;136,85;opti_driver_6;36,396;0,18412;-816623833#4.11_0;0,0
304316;6,491666666666666;pv_6_4741;5082,38;4067,73;136,48;opti_driver_6;45,864000000000004;0,28057;-816623833#4.11_0;0,0
304317;6,491666666666666;pv_6_4754_0;5068,09;4082,92;136,85;opti_driver_6;45,54;0,25971;-816623833#4.11_0;0,0
304318;6,491666666666666;pv_6_8236_0;4991,79;4164,76;137,57;opti_driver_6;36,0;0,14783000000000002;-816623833#4.11_0;0,0
304319;6,491736111111111;pv_6_1076_1;5005,84;4149,39;137,57;opti_driver_6;36,75600000000001;0,16863999999999998;-816623833#4.11_0;0,0
304320;6,491736111111111;pv_6_45_0;4981,15;4176,4;138,61;opti_driver_6;36,252;0,13205;-816623833#4.11_0;0,0
304321;6,491736111111111;pv_6_4628_0;5018,1;4136,25;136,85;opti_driver_6;35,964;0,18662;-816623833#4.11_0;0,0
304322;6,491736111111111;pv_6_4741;5084,57;4065,43;136,31;opti_driver_6;45,72;0,28375;-816623833#4.11_0;0,0
304323;6,491736111111111;pv_6_4754_0;5070,26;4080,61;136,85;opti_driver_6;45,684;0,26289;-816623833#4.11_0;0,0
304324;6,491736111111111;pv_6_8236_0;4993,52;4162,87;137,57;opti_driver_6;36,828;0,15037999999999999;-816623833#4.11_0;0,0
304325;6,491805555555556;pv_6_1076_1;5007,52;4147,55;137,57;opti_driver_6;35,82;0,17113;-816623833#4.11_0;0,0
304326;6,491805555555556;pv_6_45_0;4982,88;4174,51;137,75;opti_driver_6;36,828;0,13461;-816623833#4.11_0;0,0
304327;6,491805555555556;pv_6_4628_0;5019,84;4134,39;136,85;opti_driver_6;36,72;0,18916999999999998;-816623833#4.11_0;0,0
304328;6,491805555555556;pv_6_4741;5086,76;4063,15;136,31;opti_driver_6;45,504000000000005;0,28691;-816623833#4.11_0;0,0
304329;6,491805555555556;pv_6_4754_0;5072,44;4078,28;136,85;opti_driver_6;45,9;0,26607;-816623833#4.11_0;0,0
304330;6,491805555555556;pv_6_8236_0;4995,21;4161,01;137,57;opti_driver_6;36,216;0,1529;-816623833#4.11_0;0,0
304331;6,491875;pv_6_1076_1;5009,25;4145,69;137,37;opti_driver_6;36,684;0,17368;-816623833#4.11_0;0,0
304332;6,491875;pv_6_45_0;4984,58;4172,65;137,57;opti_driver_6;36,216;0,13713;-816623833#4.11_0;0,0
304333;6,491875;pv_6_4628_0;5021,55;4132,56;136,85;opti_driver_6;36,036;0,19166999999999998;-816623833#4.11_0;0,0
304334;6,491875;pv_6_4741;5088,92;4060,88;136,31;opti_driver_6;45,144;0,29004;-816623833#4.11_0;0,0
304335;6,491875;pv_6_4754_0;5074,63;4075,95;136,85;opti_driver_6;46,007999999999996;0,26927;-816623833#4.11_0;0,0
304336;6,491875;pv_6_8236_0;4996,9;4159,17;137,57;opti_driver_6;36,0;0,1554;-816623833#4.11_0;0,0
304337;6,491944444444444;pv_6_1076_1;5010,95;4143,87;137,01;opti_driver_6;35,784;0,17617;-816623833#4.11_0;0,0
304338;6,491944444444444;pv_6_45_0;4986,28;4170,79;137,57;opti_driver_6;36,431999999999995;0,13966;-816623833#4.11_0;0,0
304339;6,491944444444444;pv_6_4628_0;5023,26;4130,75;136,85;opti_driver_6;35,856;0,19416;-816623833#4.11_0;0,0
304340;6,491944444444444;pv_6_4741;5091,11;4058,59;136,31;opti_driver_6;45,612;0,29320999999999997;-816623833#4.11_0;0,0
304341;6,491944444444444;pv_6_4754_0;5076,77;4073,67;136,85;opti_driver_6;45,036;0,2724;-816623833#4.11_0;0,0
304342;6,491944444444444;pv_6_8236_0;4998,63;4157,27;137,57;opti_driver_6;37,007999999999996;0,15797;-816623833#4.11_0;0,0
304343;6,492013888888889;pv_6_1076_1;5012,67;4142,04;136,85;opti_driver_6;36,252;0,17868;-816623833#4.11_0;0,0
304344;6,492013888888889;pv_6_45_0;4988,04;4168,87;137,57;opti_driver_6;37,440000000000005;0,14226;-816623833#4.11_0;0,0
304345;6,492013888888889;pv_6_4628_0;5024,97;4128,92;136,85;opti_driver_6;36,072;0,19666;-816623833#4.11_0;0,0
304346;6,492013888888889;pv_6_4741;5093,31;4056,29;136,31;opti_driver_6;45,792;0,29639;-816623833#4.11_0;0,0
304347;6,492013888888889;pv_6_4754_0;5078,95;4071,34;136,85;opti_driver_6;45,972;0,27559;-816623833#4.11_0;0,0
304348;6,492013888888889;pv_6_8236_0;5000,35;4155,4;137,57;opti_driver_6;36,612;0,16050999999999999;-816623833#4.11_0;0,0
304349;6,492083333333333;pv_6_1076_1;5014,38;4140,22;136,85;opti_driver_6;35,928000000000004;0,18118;-816623833#4.11_0;0,0
304350;6,492083333333333;pv_6_1419_1;4909,88;4283,22;145,35;opti_driver_6;52,56;0,0033599999999999997;-816623833#4.11_0;0,0
304351;6,492083333333333;pv_6_45_0;4989,74;4167,0;137,57;opti_driver_6;36,396;0,14479;-816623833#4.11_0;0,0
304352;6,492083333333333;pv_6_4628_0;5026,71;4127,06;136,85;opti_driver_6;36,684;0,19921;-816623833#4.11_0;0,0
304353;6,492083333333333;pv_6_4741;5095,47;4054,03;136,31;opti_driver_6;45,072;0,29952;-816623833#4.11_0;0,0
304354;6,492083333333333;pv_6_4754_0;5081,14;4069,02;136,67;opti_driver_6;45,972;0,27878;-816623833#4.11_0;0,0
304355;6,492083333333333;pv_6_8236_0;5002,04;4153,55;137,57;opti_driver_6;36,0;0,16301;-816623833#4.11_0;0,0
304356;6,492152777777778;pv_6_1076_1;5016,11;4138,37;136,85;opti_driver_6;36,54;0,18372;-816623833#4.11_0;0,0
304357;6,492152777777778;pv_6_1419_1;4911,73;4280,12;149,21;opti_driver_6;51,876000000000005;0,00697;-816623833#4.11_0;0,0
304358;6,492152777777778;pv_6_45_0;4991,46;4165,12;137,57;opti_driver_6;36,72;0,14734;-816623833#4.11_0;0,0
304359;6,492152777777778;pv_6_4628_0;5028,44;4125,22;136,85;opti_driver_6;36,396;0,20174;-816623833#4.11_0;0,0
304360;6,492152777777778;pv_6_4741;5097,67;4051,72;136,31;opti_driver_6;45,972;0,30271;-816623833#4.11_0;0,0
304361;6,492152777777778;pv_6_4754_0;5083,31;4066,76;136,34;opti_driver_6;45,108;0,28191000000000005;-816623833#4.11_0;0,0
304362;6,492152777777778;pv_6_8236_0;5003,71;4151,72;137,57;opti_driver_6;35,64;0,16548;-816623833#4.11_0;0,0
304363;6,492222222222222;pv_6_1076_1;5017,84;4136,52;136,85;opti_driver_6;36,431999999999995;0,18624000000000002;-816623833#4.11_0;0,0
304364;6,492222222222222;pv_6_1419_1;4913,6;4276,99;149,21;opti_driver_6;52,596;0,01062;-816623833#4.11_0;0,0
304365;6,492222222222222;pv_6_45_0;4993,13;4163,29;137,57;opti_driver_6;35,676;0,14981;-816623833#4.11_0;0,0
304366;6,492222222222222;pv_6_4628_0;5030,18;4123,36;136,85;opti_driver_6;36,612;0,20428;-816623833#4.11_0;0,0
304367;6,492222222222222;pv_6_4741;5099,88;4049,4;136,31;opti_driver_6;46,080000000000005;0,30591;-816623833#4.11_0;0,0
304368;6,492222222222222;pv_6_4754_0;5085,49;4064,47;136,31;opti_driver_6;45,504000000000005;0,28508;-816623833#4.11_0;0,0
304369;6,492222222222222;pv_6_8236_0;5005,42;4149,85;137,57;opti_driver_6;36,54;0,16802;-816623833#4.11_0;0,0
304370;6,492291666666667;pv_6_1076_1;5019,56;4134,69;136,85;opti_driver_6;36,18000000000001;0,18875999999999998;-816623833#4.11_0;0,0
304371;6,492291666666667;pv_6_1419_1;4915,46;4273,86;149,21;opti_driver_6;52,416000000000004;0,01426;-816623833#4.11_0;0,0
304372;6,492291666666667;pv_6_45_0;4994,85;4161,41;137,57;opti_driver_6;36,612;0,15236000000000002;-816623833#4.11_0;0,0
304373;6,492291666666667;pv_6_4628_0;5031,88;4121,55;136,85;opti_driver_6;35,784;0,20677;-816623833#4.11_0;0,0
304374;6,492291666666667;pv_6_4741;5102,05;4047,14;136,31;opti_driver_6;45,18000000000001;0,30905;-816623833#4.11_0;0,0
304375;6,492291666666667;pv_6_4754_0;5087,71;4062,15;136,31;opti_driver_6;46,188;0,28828;-816623833#4.11_0;0,0
304376;6,492291666666667;pv_6_8236_0;5007,13;4147,97;137,57;opti_driver_6;36,612;0,17056;-816623833#4.11_0;0,0
304377;6,492361111111111;pv_6_1076_1;5021,26;4132,88;136,85;opti_driver_6;35,712;0,19124000000000002;-816623833#4.11_0;0,0
304378;6,492361111111111;pv_6_1419_1;4917,3;4270,77;149,21;opti_driver_6;51,768;0,01786;-816623833#4.11_0;0,0
304379;6,492361111111111;pv_6_45_0;4996,58;4159,52;137,57;opti_driver_6;36,936;0,15491999999999997;-816623833#4.11_0;0,0
304380;6,492361111111111;pv_6_4628_0;5033,6;4119,71;136,85;opti_driver_6;36,216;0,20928;-816623833#4.11_0;0,0
304381;6,492361111111111;pv_6_4741;5104,22;4044,86;136,31;opti_driver_6;45,324;0,3122;-816623833#4.11_0;0,0
304382;6,492361111111111;pv_6_4754_0;5089,9;4059,85;136,31;opti_driver_6;45,828;0,29147;-816623833#4.11_0;0,0
304383;6,492361111111111;pv_6_8236_0;5008,84;4146,12;137,45;opti_driver_6;36,252;0,17308;-816623833#4.11_0;0,0
304384;6,492430555555556;pv_6_1076_1;5023,0;4131,02;136,85;opti_driver_6;36,612;0,19378;-816623833#4.11_0;0,0
304385;6,492430555555556;pv_6_1419_1;4919,13;4267,69;149,21;opti_driver_6;51,624;0,02144;-816623833#4.11_0;0,0
304386;6,492430555555556;pv_6_45_0;4998,31;4157,63;137,57;opti_driver_6;36,864000000000004;0,15747999999999998;-816623833#4.11_0;0,0
304387;6,492430555555556;pv_6_4628_0;5035,3;4117,9;136,85;opti_driver_6;35,748;0,21176;-816623833#4.11_0;0,0
304388;6,492430555555556;pv_6_4741;5106,39;4042,59;136,31;opti_driver_6;45,252;0,31533999999999995;-816623833#4.11_0;0,0
304389;6,492430555555556;pv_6_4754_0;5092,08;4057,58;136,31;opti_driver_6;45,288000000000004;0,29461000000000004;-816623833#4.11_0;0,0
304390;6,492430555555556;pv_6_748;4908,82;4285,0;134,32;opti_driver_6;49,32;0,0012900000000000001;-816623833#4.11_0;0,0
304391;6,492430555555556;pv_6_8236_0;5010,53;4144,32;137,1;opti_driver_6;35,532;0,17555;-816623833#4.11_0;0,0
304392;6,4925;pv_6_1076_1;5024,68;4129,23;136,85;opti_driver_6;35,424;0,19624;-816623833#4.11_0;0,0
304393;6,4925;pv_6_1419_1;4920,99;4264,58;149,23;opti_driver_6;52,2;0,025070000000000002;-816623833#4.11_0;0,0
304394;6,4925;pv_6_45_0;4999,96;4155,82;137,57;opti_driver_6;35,28;0,15993000000000002;-816623833#4.11_0;0,0
304395;6,4925;pv_6_4628_0;5037,04;4116,05;136,85;opti_driver_6;36,684;0,21431;-816623833#4.11_0;0,0
304396;6,4925;pv_6_4741;5108,58;4040,3;136,31;opti_driver_6;45,468;0,3185;-816623833#4.11_0;0,0
304397;6,4925;pv_6_4754_0;5094,27;4055,28;136,31;opti_driver_6;45,792;0,29779;-816623833#4.11_0;0,0
304398;6,4925;pv_6_748;4910,57;4282,07;148,51;opti_driver_6;49,14;0,0047;-816623833#4.11_0;0,0
304399;6,4925;pv_6_8236_0;5012,28;4142,46;136,85;opti_driver_6;36,864000000000004;0,17811000000000002;-816623833#4.11_0;0,0
304400;6,492569444444444;pv_6_1076_1;5026,44;4127,35;136,85;opti_driver_6;37,080000000000005;0,19882;-816623833#4.11_0;0,0
304401;6,492569444444444;pv_6_1419_1;4922,85;4261,45;149,26;opti_driver_6;52,452000000000005;0,02871;-816623833#4.11_0;0,0
304402;6,492569444444444;pv_6_45_0;5001,66;4153,96;137,57;opti_driver_6;36,36;0,16246000000000002;-816623833#4.11_0;0,0
304403;6,492569444444444;pv_6_4628_0;5038,75;4114,22;136,85;opti_driver_6;36,072;0,21681999999999998;-816623833#4.11_0;0,0
304404;6,492569444444444;pv_6_4741;5110,75;4038,02;136,31;opti_driver_6;45,431999999999995;0,32165;-816623833#4.11_0;0,0
304405;6,492569444444444;pv_6_4754_0;5096,47;4052,98;136,31;opti_driver_6;45,828;0,30097;-816623833#4.11_0;0,0
304406;6,492569444444444;pv_6_748;4912,31;4279,14;149,21;opti_driver_6;49,032;0,00811;-816623833#4.11_0;0,0
304407;6,492569444444444;pv_6_8236_0;5013,99;4140,63;136,85;opti_driver_6;36,036;0,18061000000000002;-816623833#4.11_0;0,0
304408;6,492638888888889;pv_6_1076_1;5028,16;4125,52;136,85;opti_driver_6;36,144;0,20133;-816623833#4.11_0;0,0
304409;6,492638888888889;pv_6_1419_1;4924,68;4258,37;149,26;opti_driver_6;51,480000000000004;0,03228;-816623833#4.11_0;0,0
304410;6,492638888888889;pv_6_45_0;5003,39;4152,07;137,57;opti_driver_6;36,75600000000001;0,16501;-816623833#4.11_0;0,0
304411;6,492638888888889;pv_6_4628_0;5040,49;4112,36;136,85;opti_driver_6;36,684;0,21936000000000003;-816623833#4.11_0;0,0
304412;6,492638888888889;pv_6_4741;5112,93;4035,74;136,31;opti_driver_6;45,36;0,32480000000000003;-816623833#4.11_0;0,0
304413;6,492638888888889;pv_6_4754_0;5098,65;4050,69;136,31;opti_driver_6;45,504000000000005;0,30413;-816623833#4.11_0;0,0
304414;6,492638888888889;pv_6_748;4914,05;4276,23;149,21;opti_driver_6;48,888;0,0115;-816623833#4.11_0;0,0
304415;6,492638888888889;pv_6_8236_0;5015,75;4138,75;136,85;opti_driver_6;37,188;0,18319;-816623833#4.11_0;0,0
304416;6,492708333333334;pv_6_1076_1;5029,87;4123,69;136,85;opti_driver_6;36,0;0,20383;-816623833#4.11_0;0,0
304417;6,492708333333334;pv_6_1419_1;4926,52;4255,28;149,26;opti_driver_6;51,876000000000005;0,03589;-816623833#4.11_0;0,0
304418;6,492708333333334;pv_6_45_0;5005,12;4150,18;137,57;opti_driver_6;36,9;0,16757;-816623833#4.11_0;0,0
304419;6,492708333333334;pv_6_4628_0;5042,21;4110,53;136,85;opti_driver_6;36,072;0,22187;-816623833#4.11_0;0,0
304420;6,492708333333334;pv_6_4741;5115,1;4033,47;136,31;opti_driver_6;45,324;0,32794999999999996;-816623833#4.11_0;0,0
304421;6,492708333333334;pv_6_4754_0;5100,81;4048,43;136,31;opti_driver_6;45,0;0,30726;-816623833#4.11_0;0,0
304422;6,492708333333334;pv_6_748;4915,8;4273,28;149,21;opti_driver_6;49,356;0,01493;-816623833#4.11_0;0,0
304423;6,492708333333334;pv_6_8236_0;5017,49;4136,9;136,85;opti_driver_6;36,576;0,18572999999999998;-816623833#4.11_0;0,0
304424;6,4927777777777775;pv_6_1076_1;5031,6;4121,84;136,85;opti_driver_6;36,576;0,20636000000000002;-816623833#4.11_0;0,0
304425;6,4927777777777775;pv_6_1419_1;4928,36;4252,18;149,26;opti_driver_6;51,948;0,039490000000000004;-816623833#4.11_0;0,0
304426;6,4927777777777775;pv_6_45_0;5006,85;4148,28;137,57;opti_driver_6;37,080000000000005;0,17015;-816623833#4.11_0;0,0
304427;6,4927777777777775;pv_6_4628_0;5043,92;4108,71;136,85;opti_driver_6;36,072;0,22437;-816623833#4.11_0;0,0
304428;6,4927777777777775;pv_6_4741;5117,28;4031,19;136,31;opti_driver_6;45,36;0,3311;-816623833#4.11_0;0,0
304429;6,4927777777777775;pv_6_4754_0;5102,97;4046,17;136,31;opti_driver_6;45,036;0,31038;-816623833#4.11_0;0,0
304430;6,4927777777777775;pv_6_748;4917,55;4270,36;149,21;opti_driver_6;49,068000000000005;0,01834;-816623833#4.11_0;0,0
304431;6,4927777777777775;pv_6_8236_0;5019,21;4135,06;136,85;opti_driver_6;36,18000000000001;0,18824000000000002;-816623833#4.11_0;0,0
304432;6,492847222222222;pv_6_1076_1;5033,31;4120,02;136,85;opti_driver_6;36,0;0,20887;-816623833#4.11_0;0,0
304433;6,492847222222222;pv_6_1419_1;4930,2;4249,08;149,26;opti_driver_6;51,876000000000005;0,04309;-816623833#4.11_0;0,0
304434;6,492847222222222;pv_6_45_0;5008,56;4146,42;137,51;opti_driver_6;36,396;0,17268;-816623833#4.11_0;0,0
304435;6,492847222222222;pv_6_4628_0;5045,64;4106,87;136,85;opti_driver_6;36,252;0,22688999999999998;-816623833#4.11_0;0,0
304436;6,492847222222222;pv_6_4741;5119,47;4028,9;136,31;opti_driver_6;45,576;0,33426;-816623833#4.11_0;0,0
304437;6,492847222222222;pv_6_4754_0;5105,17;4043,87;136,31;opti_driver_6;45,864000000000004;0,31357;-816623833#4.11_0;0,0
304438;6,492847222222222;pv_6_4908_1;4908,25;4285,95;126,55;opti_driver_6;48,384;0,00017999999999999998;-816623833#4.11_0;0,0
304439;6,492847222222222;pv_6_748;4919,29;4267,43;149,21;opti_driver_6;48,996;0,02174;-816623833#4.11_0;0,0
304440;6,492847222222222;pv_6_8236_0;5020,96;4133,19;136,85;opti_driver_6;36,9;0,19081;-816623833#4.11_0;0,0
304441;6,492916666666667;pv_6_1076_1;5035,02;4118,2;136,85;opti_driver_6;35,82;0,21134999999999998;-816623833#4.11_0;0,0
304442;6,492916666666667;pv_6_1419_1;4932,07;4245,94;149,26;opti_driver_6;52,632;0,04675;-816623833#4.11_0;0,0
304443;6,492916666666667;pv_6_45_0;5010,33;4144,54;137,14;opti_driver_6;37,116;0,17525;-816623833#4.11_0;0,0
304444;6,492916666666667;pv_6_4628_0;5047,39;4105,01;136,85;opti_driver_6;36,792;0,22944;-816623833#4.11_0;0,0
304445;6,492916666666667;pv_6_4741;5121,65;4026,61;136,31;opti_driver_6;45,576;0,33743;-816623833#4.11_0;0,0
304446;6,492916666666667;pv_6_4754_0;5107,35;4041,59;136,31;opti_driver_6;45,396;0,31672;-816623833#4.11_0;0,0
304447;6,492916666666667;pv_6_4908_1;4909,99;4283,04;145,83;opti_driver_6;48,852000000000004;0,00357;-816623833#4.11_0;0,0
304448;6,492916666666667;pv_6_748;4921,03;4264,51;149,23;opti_driver_6;48,996;0,02514;-816623833#4.11_0;0,0
304449;6,492916666666667;pv_6_8236_0;5022,67;4131,38;136,85;opti_driver_6;35,856;0,1933;-816623833#4.11_0;0,0
304450;6,492986111111111;pv_6_1076_1;5036,77;4116,33;136,85;opti_driver_6;36,9;0,21392;-816623833#4.11_0;0,0
304451;6,492986111111111;pv_6_1419_1;4933,9;4242,86;149,26;opti_driver_6;51,552;0,05033;-816623833#4.11_0;0,0
304452;6,492986111111111;pv_6_45_0;5012,06;4142,69;136,85;opti_driver_6;36,396;0,17778;-816623833#4.11_0;0,0
304453;6,492986111111111;pv_6_4628_0;5049,1;4103,18;136,85;opti_driver_6;36,108;0,23195;-816623833#4.11_0;0,0
304454;6,492986111111111;pv_6_4741;5123,82;4024,35;136,31;opti_driver_6;45,108;0,34056000000000003;-816623833#4.11_0;0,0
304455;6,492986111111111;pv_6_4754_0;5109,52;4039,31;136,31;opti_driver_6;45,36;0,31987;-816623833#4.11_0;0,0
304456;6,492986111111111;pv_6_4908_1;4911,71;4280,16;149,21;opti_driver_6;48,312;0,0069299999999999995;-816623833#4.11_0;0,0
304457;6,492986111111111;pv_6_748;4922,75;4261,61;149,26;opti_driver_6;48,636;0,02852;-816623833#4.11_0;0,0
304458;6,492986111111111;pv_6_8236_0;5024,36;4129,56;136,85;opti_driver_6;35,784;0,19578;-816623833#4.11_0;0,0
304459;6,493055555555555;pv_6_1076_1;5038,51;4114,48;136,85;opti_driver_6;36,576;0,21646;-816623833#4.11_0;0,0
304460;6,493055555555555;pv_6_1419_1;4935,77;4239,73;149,26;opti_driver_6;52,56;0,05398;-816623833#4.11_0;0,0
304461;6,493055555555555;pv_6_45_0;5013,75;4140,89;136,85;opti_driver_6;35,604000000000006;0,18025;-816623833#4.11_0;0,0
304462;6,493055555555555;pv_6_4628_0;5050,8;4101,36;136,85;opti_driver_6;35,748;0,23443;-816623833#4.11_0;0,0
304463;6,493055555555555;pv_6_4741;5126,02;4022,04;136,31;opti_driver_6;45,972;0,34376;-816623833#4.11_0;0,0
304464;6,493055555555555;pv_6_4754_0;5111,67;4037,06;136,31;opti_driver_6;44,748;0,32298000000000004;-816623833#4.11_0;0,0
304465;6,493055555555555;pv_6_4908_1;4913,41;4277,29;149,21;opti_driver_6;48,024;0,01026;-816623833#4.11_0;0,0
304466;6,493055555555555;pv_6_748;4924,49;4258,69;149,26;opti_driver_6;48,852000000000004;0,03191;-816623833#4.11_0;0,0
304467;6,493055555555555;pv_6_8236_0;5026,08;4127,73;136,85;opti_driver_6;36,18000000000001;0,19829;-816623833#4.11_0;0,0
304468;6,493125;pv_6_1076_1;5040,18;4112,69;136,85;opti_driver_6;35,244;0,21891;-816623833#4.11_0;0,0
304469;6,493125;pv_6_1419_1;4937,61;4236,63;149,26;opti_driver_6;51,876000000000005;0,05758;-816623833#4.11_0;0,0
304470;6,493125;pv_6_45_0;5015,48;4139,04;136,85;opti_driver_6;36,468;0,18278999999999998;-816623833#4.11_0;0,0
304471;6,493125;pv_6_4628_0;5052,51;4099,54;136,85;opti_driver_6;36,0;0,23693;-816623833#4.11_0;0,0
304472;6,493125;pv_6_4741;5128,19;4019,77;136,31;opti_driver_6;45,252;0,3469;-816623833#4.11_0;0,0
304473;6,493125;pv_6_4754_0;5113,86;4034,77;136,31;opti_driver_6;45,648;0,32615;-816623833#4.11_0;0,0
304474;6,493125;pv_6_4908_1;4915,15;4274,38;149,21;opti_driver_6;48,924;0,01366;-816623833#4.11_0;0,0
304475;6,493125;pv_6_748;4926,21;4255,8;149,26;opti_driver_6;48,528000000000006;0,03528;-816623833#4.11_0;0,0
304476;6,493125;pv_6_8236_0;5027,82;4125,88;136,85;opti_driver_6;36,54;0,20083;-816623833#4.11_0;0,0
304477;6,493194444444445;pv_6_1076_1;5041,88;4110,88;136,85;opti_driver_6;35,82;0,22138999999999998;-816623833#4.11_0;0,0
304478;6,493194444444445;pv_6_1419_1;4939,45;4233,54;149,26;opti_driver_6;51,84;0,06118;-816623833#4.11_0;0,0
304479;6,493194444444445;pv_6_45_0;5017,19;4137,22;136,85;opti_driver_6;36,036;0,18528999999999998;-816623833#4.11_0;0,0
304480;6,493194444444445;pv_6_4628_0;5054,22;4097,71;136,85;opti_driver_6;36,072;0,23944;-816623833#4.11_0;0,0
304481;6,493194444444445;pv_6_4741;5130,39;4017,46;136,31;opti_driver_6;45,9;0,35008999999999996;-816623833#4.11_0;0,0
304482;6,493194444444445;pv_6_4754_0;5116,04;4032,49;136,31;opti_driver_6;45,431999999999995;0,32930000000000004;-816623833#4.11_0;0,0
304483;6,493194444444445;pv_6_4908_1;4916,88;4271,47;149,21;opti_driver_6;48,744;0,01705;-816623833#4.11_0;0,0
304484;6,493194444444445;pv_6_748;4927,95;4252,87;149,26;opti_driver_6;48,996;0,03868;-816623833#4.11_0;0,0
304485;6,493194444444445;pv_6_8236_0;5029,51;4124,08;136,85;opti_driver_6;35,604000000000006;0,2033;-816623833#4.11_0;0,0
304486;6,4932638888888885;pv_6_1076_1;5043,59;4109,06;136,85;opti_driver_6;35,856;0,22388;-816623833#4.11_0;0,0
304487;6,4932638888888885;pv_6_1419_1;4941,32;4230,39;149,26;opti_driver_6;52,632;0,06484000000000001;-816623833#4.11_0;0,0
304488;6,4932638888888885;pv_6_45_0;5018,88;4135,42;136,85;opti_driver_6;35,496;0,18775999999999998;-816623833#4.11_0;0,0
304489;6,4932638888888885;pv_6_4628_0;5055,97;4095,85;136,85;opti_driver_6;36,828;0,242;-816623833#4.11_0;0,0
304490;6,4932638888888885;pv_6_4741;5132,57;4015,18;136,31;opti_driver_6;45,36;0,35324;-816623833#4.11_0;0,0
304491;6,4932638888888885;pv_6_4754_0;5118,26;4030,16;136,31;opti_driver_6;46,296;0,33252;-816623833#4.11_0;0,0
304492;6,4932638888888885;pv_6_4908_1;4918,64;4268,53;149,21;opti_driver_6;49,284;0,02047;-816623833#4.11_0;0,0
304493;6,4932638888888885;pv_6_748;4929,67;4249,97;149,26;opti_driver_6;48,564;0,04206;-816623833#4.11_0;0,0
304494;6,4932638888888885;pv_6_8236_0;5031,25;4122,22;136,85;opti_driver_6;36,54;0,20584;-816623833#4.11_0;0,0
304495;6,493333333333333;pv_6_1076_1;5045,33;4107,2;136,85;opti_driver_6;36,828;0,22644;-816623833#4.11_0;0,0
304496;6,493333333333333;pv_6_1419_1;4943,16;4227,32;149,16;opti_driver_6;51,624;0,06842000000000001;-816623833#4.11_0;0,0
304497;6,493333333333333;pv_6_45_0;5020,63;4133,55;136,85;opti_driver_6;36,936;0,19032;-816623833#4.11_0;0,0
304498;6,493333333333333;pv_6_4628_0;5057,69;4094,02;136,85;opti_driver_6;36,18000000000001;0,24450999999999998;-816623833#4.11_0;0,0
304499;6,493333333333333;pv_6_4741;5134,78;4012,87;136,31;opti_driver_6;46,044;0,35643;-816623833#4.11_0;0,0
304500;6,493333333333333;pv_6_4754_0;5120,44;4027,88;136,31;opti_driver_6;45,396;0,33567;-816623833#4.11_0;0,0
304501;6,493333333333333;pv_6_4908_1;4920,35;4265,65;149,21;opti_driver_6;48,24;0,02382;-816623833#4.11_0;0,0
304502;6,493333333333333;pv_6_748;4931,43;4247,03;149,26;opti_driver_6;49,356;0,04548;-816623833#4.11_0;0,0
304503;6,493333333333333;pv_6_8236_0;5032,93;4120,43;136,85;opti_driver_6;35,424;0,2083;-816623833#4.11_0;0,0
304504;6,493402777777778;pv_6_1076_1;5047,07;4105,35;136,85;opti_driver_6;36,54;0,22898;-816623833#4.11_0;0,0
304505;6,493402777777778;pv_6_1419_1;4945,17;4224,36;146,62;opti_driver_6;51,480000000000004;0,072;-816623833#4.11_0;0,0
304506;6,493402777777778;pv_6_45_0;5022,3;4131,76;136,85;opti_driver_6;35,172;0,19276;-816623833#4.11_0;0,0
304507;6,493402777777778;pv_6_4628_0;5059,42;4092,18;136,85;opti_driver_6;36,324;0,24703;-816623833#4.11_0;0,0
304508;6,493402777777778;pv_6_4741;5136,99;4010,56;136,31;opti_driver_6;46,080000000000005;0,35963;-816623833#4.11_0;0,0
304509;6,493402777777778;pv_6_4754_0;5122,63;4025,59;136,31;opti_driver_6;45,72;0,33884;-816623833#4.11_0;0,0
304510;6,493402777777778;pv_6_4908_1;4922,1;4262,71;149,25;opti_driver_6;49,32;0,027239999999999997;-816623833#4.11_0;0,0
304511;6,493402777777778;pv_6_748;4933,15;4244,12;149,26;opti_driver_6;48,672;0,04887;-816623833#4.11_0;0,0
304512;6,493402777777778;pv_6_8236_0;5034,64;4118,6;136,85;opti_driver_6;36,144;0,21081;-816623833#4.11_0;0,0
304513;6,4934722222222225;pv_6_1076_1;5048,81;4103,49;136,85;opti_driver_6;36,576;0,23152;-816623833#4.11_0;0,0
304514;6,4934722222222225;pv_6_1419_1;4947,19;4221,4;145,71;opti_driver_6;51,696;0,07559;-816623833#4.11_0;0,0
304515;6,4934722222222225;pv_6_45_0;5024,03;4129,93;136,85;opti_driver_6;36,288000000000004;0,19528;-816623833#4.11_0;0,0
304516;6,4934722222222225;pv_6_4628_0;5061,14;4090,34;136,85;opti_driver_6;36,18000000000001;0,24953999999999998;-816623833#4.11_0;0,0
304517;6,4934722222222225;pv_6_4741;5139,18;4008,26;136,31;opti_driver_6;45,684;0,36281;-816623833#4.11_0;0,0
304518;6,4934722222222225;pv_6_4754_0;5124,84;4023,27;136,31;opti_driver_6;46,224000000000004;0,34205;-816623833#4.11_0;0,0
304519;6,4934722222222225;pv_6_4908_1;4923,82;4259,82;149,26;opti_driver_6;48,312;0,030600000000000002;-816623833#4.11_0;0,0
304520;6,4934722222222225;pv_6_4990_1;4909,36;4284,09;141,78;opti_driver_6;46,152;0,00235;-816623833#4.11_0;0,0
304521;6,4934722222222225;pv_6_748;4934,9;4241,18;149,26;opti_driver_6;49,32;0,052289999999999996;-816623833#4.11_0;0,0
304522;6,4934722222222225;pv_6_8236_0;5036,38;4116,75;136,85;opti_driver_6;36,576;0,21334999999999998;-816623833#4.11_0;0,0
304523;6,493541666666666;pv_6_1076_1;5050,51;4101,68;136,85;opti_driver_6;35,82;0,234;-816623833#4.11_0;0,0
304524;6,493541666666666;pv_6_1419_1;4949,25;4218,38;145,71;opti_driver_6;52,596;0,07923999999999999;-816623833#4.11_0;0,0
304525;6,493541666666666;pv_6_45_0;5025,77;4128,07;136,85;opti_driver_6;36,72;0,19783;-816623833#4.11_0;0,0
304526;6,493541666666666;pv_6_4628_0;5062,87;4088,49;136,85;opti_driver_6;36,54;0,25208;-816623833#4.11_0;0,0
304527;6,493541666666666;pv_6_4741;5141,37;4005,97;136,31;opti_driver_6;45,612;0,36597;-816623833#4.11_0;0,0
304528;6,493541666666666;pv_6_4754_0;5127,04;4020,97;136,31;opti_driver_6;45,72;0,34523000000000004;-816623833#4.11_0;0,0
304529;6,493541666666666;pv_6_4908_1;4925,56;4256,89;149,26;opti_driver_6;49,176;0,03401;-816623833#4.11_0;0,0
304530;6,493541666666666;pv_6_4990_1;4911,02;4281,32;149,21;opti_driver_6;46,548;0,00558;-816623833#4.11_0;0,0
304531;6,493541666666666;pv_6_748;4936,63;4238,27;149,26;opti_driver_6;48,636;0,055670000000000004;-816623833#4.11_0;0,0
304532;6,493541666666666;pv_6_8236_0;5038,13;4114,88;136,85;opti_driver_6;36,792;0,2159;-816623833#4.11_0;0,0
304533;6,493611111111111;pv_6_1076_1;5052,21;4099,86;136,85;opti_driver_6;35,928000000000004;0,2365;-816623833#4.11_0;0,0
304534;6,493611111111111;pv_6_1419_1;4951,3;4215,38;145,71;opti_driver_6;52,308;0,08287;-816623833#4.11_0;0,0
304535;6,493611111111111;pv_6_45_0;5027,5;4126,22;136,85;opti_driver_6;36,396;0,20036;-816623833#4.11_0;0,0
304536;6,493611111111111;pv_6_4628_0;5064,58;4086,67;136,85;opti_driver_6;35,928000000000004;0,25458000000000003;-816623833#4.11_0;0,0
304537;6,493611111111111;pv_6_4741;5143,55;4003,69;136,31;opti_driver_6;45,431999999999995;0,36913;-816623833#4.11_0;0,0
304538;6,493611111111111;pv_6_4754_0;5129,24;4018,66;136,31;opti_driver_6;45,972;0,34842;-816623833#4.11_0;0,0
304539;6,493611111111111;pv_6_4908_1;4927,28;4253,99;149,26;opti_driver_6;48,492000000000004;0,037380000000000004;-816623833#4.11_0;0,0
304540;6,493611111111111;pv_6_4990_1;4912,67;4278,53;149,21;opti_driver_6;46,692;0,00882;-816623833#4.11_0;0,0
304541;6,493611111111111;pv_6_748;4938,38;4235,34;149,26;opti_driver_6;49,176;0,05908;-816623833#4.11_0;0,0
304542;6,493611111111111;pv_6_8236_0;5039,85;4113,05;136,85;opti_driver_6;36,252;0,21841999999999998;-816623833#4.11_0;0,0
304543;6,493680555555556;pv_6_1076_1;5053,92;4098,04;136,85;opti_driver_6;35,892;0,23899;-816623833#4.11_0;0,0
304544;6,493680555555556;pv_6_1419_1;4953,34;4212,38;145,71;opti_driver_6;52,236;0,0865;-816623833#4.11_0;0,0
304545;6,493680555555556;pv_6_45_0;5029,2;4124,4;136,85;opti_driver_6;35,964;0,20286;-816623833#4.11_0;0,0
304546;6,493680555555556;pv_6_4628_0;5066,32;4084,81;136,85;opti_driver_6;36,648;0,25712;-816623833#4.11_0;0,0
304547;6,493680555555556;pv_6_4741;5145,71;4001,43;136,31;opti_driver_6;45,036;0,37226;-816623833#4.11_0;0,0
304548;6,493680555555556;pv_6_4754_0;5131,43;4016,37;136,31;opti_driver_6;45,648;0,35158999999999996;-816623833#4.11_0;0,0
304549;6,493680555555556;pv_6_4908_1;4929,04;4251,04;149,26;opti_driver_6;49,536;0,04082;-816623833#4.11_0;0,0
304550;6,493680555555556;pv_6_4990_1;4914,32;4275,78;149,21;opti_driver_6;46,188;0,012029999999999999;-816623833#4.11_0;0,0
304551;6,493680555555556;pv_6_748;4940,11;4232,42;149,26;opti_driver_6;48,96;0,062479999999999994;-816623833#4.11_0;0,0
304552;6,493680555555556;pv_6_8236_0;5041,54;4111,24;136,85;opti_driver_6;35,604000000000006;0,22088999999999998;-816623833#4.11_0;0,0
304553;6,49375;pv_6_1076_1;5055,68;4096,16;136,85;opti_driver_6;37,080000000000005;0,24157;-816623833#4.11_0;0,0
304554;6,49375;pv_6_1419_1;4955,4;4209,36;145,71;opti_driver_6;52,596;0,09015000000000001;-816623833#4.11_0;0,0
304555;6,49375;pv_6_45_0;5030,9;4122,6;136,85;opti_driver_6;35,604000000000006;0,20533;-816623833#4.11_0;0,0
304556;6,49375;pv_6_4628_0;5068,02;4083,0;136,85;opti_driver_6;35,856;0,25961;-816623833#4.11_0;0,0
304557;6,49375;pv_6_4741;5147,9;3999,13;136,31;opti_driver_6;45,648;0,37543;-816623833#4.11_0;0,0
304558;6,49375;pv_6_4754_0;5133,6;4014,1;136,31;opti_driver_6;45,288000000000004;0,35473000000000005;-816623833#4.11_0;0,0
304559;6,49375;pv_6_4908_1;4930,77;4248,13;149,26;opti_driver_6;48,744;0,0442;-816623833#4.11_0;0,0
304560;6,49375;pv_6_4990_1;4915,96;4273,03;149,21;opti_driver_6;46,116;0,01523;-816623833#4.11_0;0,0
304561;6,49375;pv_6_748;4941,86;4229,49;149,26;opti_driver_6;49,104000000000006;0,06589;-816623833#4.11_0;0,0
304562;6,49375;pv_6_8236_0;5043,23;4109,44;136,85;opti_driver_6;35,604000000000006;0,22337;-816623833#4.11_0;0,0
304563;6,493819444444444;pv_6_1076_1;5057,41;4094,32;136,85;opti_driver_6;36,396;0,24409;-816623833#4.11_0;0,0
304564;6,493819444444444;pv_6_1419_1;4957,42;4206,4;145,71;opti_driver_6;51,696;0,09373999999999999;-816623833#4.11_0;0,0
304565;6,493819444444444;pv_6_45_0;5032,59;4120,79;136,85;opti_driver_6;35,748;0,20781;-816623833#4.11_0;0,0
304566;6,493819444444444;pv_6_4628_0;5069,73;4081,17;136,85;opti_driver_6;35,964;0,26211;-816623833#4.11_0;0,0
304567;6,493819444444444;pv_6_4741;5150,09;3996,84;136,31;opti_driver_6;45,72;0,37860000000000005;-816623833#4.11_0;0,0
304568;6,493819444444444;pv_6_4754_0;5135,79;4011,81;136,31;opti_driver_6;45,54;0,3579;-816623833#4.11_0;0,0
304569;6,493819444444444;pv_6_4908_1;4932,5;4245,21;149,26;opti_driver_6;48,852000000000004;0,0476;-816623833#4.11_0;0,0
304570;6,493819444444444;pv_6_4990_1;4917,62;4270,23;149,21;opti_driver_6;46,908;0,01849;-816623833#4.11_0;0,0
304571;6,493819444444444;pv_6_748;4943,63;4226,63;148,57;opti_driver_6;48,42;0,06925;-816623833#4.11_0;0,0
304572;6,493819444444444;pv_6_8236_0;5044,96;4107,59;136,85;opti_driver_6;36,431999999999995;0,22590000000000002;-816623833#4.11_0;0,0
304573;6,493888888888889;pv_6_1076_1;5059,13;4092,48;136,85;opti_driver_6;36,252;0,24661000000000002;-816623833#4.11_0;0,0
304574;6,493888888888889;pv_6_1419_1;4959,47;4203,4;145,71;opti_driver_6;52,272;0,09737;-816623833#4.11_0;0,0
304575;6,493888888888889;pv_6_45_0;5034,3;4118,96;136,85;opti_driver_6;36,0;0,21031;-816623833#4.11_0;0,0
304576;6,493888888888889;pv_6_4628_0;5071,43;4079,36;136,85;opti_driver_6;35,784;0,2646;-816623833#4.11_0;0,0
304577;6,493888888888889;pv_6_4741;5152,3;3994,53;136,31;opti_driver_6;46,044;0,38180000000000003;-816623833#4.11_0;0,0
304578;6,493888888888889;pv_6_4754_0;5137,96;4009,54;136,31;opti_driver_6;45,216;0,36104;-816623833#4.11_0;0,0
304579;6,493888888888889;pv_6_4908_1;4934,22;4242,32;149,26;opti_driver_6;48,42;0,05096;-816623833#4.11_0;0,0
304580;6,493888888888889;pv_6_4990_1;4919,29;4267,43;149,21;opti_driver_6;46,836;0,02174;-816623833#4.11_0;0,0
304581;6,493888888888889;pv_6_748;4945,54;4223,82;146,16;opti_driver_6;48,96;0,07265;-816623833#4.11_0;0,0
304582;6,493888888888889;pv_6_8121;4908,7;4285,2;149,35;opti_driver_6;45,828;0,00106;-816623833#4.11_0;0,0
304583;6,493888888888889;pv_6_8236_0;5046,67;4105,77;136,85;opti_driver_6;35,928000000000004;0,22838999999999998;-816623833#4.11_0;0,0
304584;6,4939583333333335;pv_6_1076_1;5060,82;4090,68;136,85;opti_driver_6;35,676;0,24909;-816623833#4.11_0;0,0
304585;6,4939583333333335;pv_6_1419_1;4961,49;4200,44;145,71;opti_driver_6;51,588;0,10096;-816623833#4.11_0;0,0
304586;6,4939583333333335;pv_6_45_0;5036,02;4117,13;136,85;opti_driver_6;36,216;0,21281999999999998;-816623833#4.11_0;0,0
304587;6,4939583333333335;pv_6_4628_0;5073,15;4077,53;136,85;opti_driver_6;36,144;0,26711;-816623833#4.11_0;0,0
304588;6,4939583333333335;pv_6_4741;5154,47;3992,25;136,31;opti_driver_6;45,252;0,38494;-816623833#4.11_0;0,0
304589;6,4939583333333335;pv_6_4754_0;5140,19;4007,21;136,31;opti_driver_6;46,476;0,36426;-816623833#4.11_0;0,0
304590;6,4939583333333335;pv_6_4908_1;4935,96;4239,4;149,26;opti_driver_6;48,96;0,05436;-816623833#4.11_0;0,0
304591;6,4939583333333335;pv_6_4990_1;4920,93;4264,67;149,22;opti_driver_6;46,26;0,02495;-816623833#4.11_0;0,0
304592;6,4939583333333335;pv_6_748;4947,44;4221,04;145,71;opti_driver_6;48,564;0,07603;-816623833#4.11_0;0,0
304593;6,4939583333333335;pv_6_8121;4910,34;4282,46;149,24;opti_driver_6;45,936;0,00425;-816623833#4.11_0;0,0
304594;6,4939583333333335;pv_6_8236_0;5048,41;4103,92;136,85;opti_driver_6;36,648;0,23094;-816623833#4.11_0;0,0
304595;6,494027777777778;pv_6_1076_1;5062,53;4088,86;136,85;opti_driver_6;35,892;0,25158;-816623833#4.11_0;0,0
304596;6,494027777777778;pv_6_1419_1;4963,5;4197,49;145,71;opti_driver_6;51,480000000000004;0,10453;-816623833#4.11_0;0,0
304597;6,494027777777778;pv_6_45_0;5037,76;4115,28;136,85;opti_driver_6;36,504000000000005;0,21536000000000002;-816623833#4.11_0;0,0
304598;6,494027777777778;pv_6_4628_0;5074,86;4075,7;136,85;opti_driver_6;36,108;0,26961;-816623833#4.11_0;0,0
304599;6,494027777777778;pv_6_4741;5156,64;3989,98;136,31;opti_driver_6;45,252;0,38808;-816623833#4.11_0;0,0
304600;6,494027777777778;pv_6_4754_0;5142,34;4004,96;136,31;opti_driver_6;44,856;0,36738;-816623833#4.11_0;0,0
304601;6,494027777777778;pv_6_4908_1;4937,69;4236,49;149,26;opti_driver_6;48,708;0,05774;-816623833#4.11_0;0,0
304602;6,494027777777778;pv_6_4990_1;4922,57;4261,92;149,25;opti_driver_6;46,116;0,02816;-816623833#4.11_0;0,0
304603;6,494027777777778;pv_6_748;4949,36;4218,22;145,71;opti_driver_6;49,068000000000005;0,07943;-816623833#4.11_0;0,0
304604;6,494027777777778;pv_6_8121;4911,98;4279,69;149,21;opti_driver_6;46,368;0,00747;-816623833#4.11_0;0,0
304605;6,494027777777778;pv_6_8236_0;5050,1;4102,11;136,85;opti_driver_6;35,676;0,23341;-816623833#4.11_0;0,0
